,dex_no,image,name,type1,type2
0,1,https://img.pokemondb.net/sprites/home/normal/2x/bulbasaur.jpg,Bulbasaur,Grass,Poison
1,2,https://img.pokemondb.net/sprites/home/normal/2x/ivysaur.jpg,Ivysaur,Grass,Poison
2,3,https://img.pokemondb.net/sprites/home/normal/2x/venusaur.jpg,Venusaur,Grass,Poison
3,4,https://img.pokemondb.net/sprites/home/normal/2x/charmander.jpg,Charmander,Fire,
4,5,https://img.pokemondb.net/sprites/home/normal/2x/charmeleon.jpg,Charmeleon,Fire,
5,6,https://img.pokemondb.net/sprites/home/normal/2x/charizard.jpg,Charizard,Fire,Flying
6,7,https://img.pokemondb.net/sprites/home/normal/2x/squirtle.jpg,Squirtle,Water,
7,8,https://img.pokemondb.net/sprites/home/normal/2x/wartortle.jpg,Wartortle,Water,
8,9,https://img.pokemondb.net/sprites/home/normal/2x/blastoise.jpg,Blastoise,Water,
9,10,https://img.pokemondb.net/sprites/home/normal/2x/caterpie.jpg,Caterpie,Bug,
10,11,https://img.pokemondb.net/sprites/home/normal/2x/metapod.jpg,Metapod,Bug,
11,12,https://img.pokemondb.net/sprites/home/normal/2x/butterfree.jpg,Butterfree,Bug,Flying
12,13,https://img.pokemondb.net/sprites/home/normal/2x/weedle.jpg,Weedle,Bug,Poison
13,14,https://img.pokemondb.net/sprites/home/normal/2x/kakuna.jpg,Kakuna,Bug,Poison
14,15,https://img.pokemondb.net/sprites/home/normal/2x/beedrill.jpg,Beedrill,Bug,Poison
15,16,https://img.pokemondb.net/sprites/home/normal/2x/pidgey.jpg,Pidgey,Normal,Flying
16,17,https://img.pokemondb.net/sprites/home/normal/2x/pidgeotto.jpg,Pidgeotto,Normal,Flying
17,18,https://img.pokemondb.net/sprites/home/normal/2x/pidgeot.jpg,Pidgeot,Normal,Flying
18,19,https://img.pokemondb.net/sprites/home/normal/2x/rattata.jpg,Rattata,Normal,
19,20,https://img.pokemondb.net/sprites/home/normal/2x/raticate.jpg,Raticate,Normal,
20,21,https://img.pokemondb.net/sprites/home/normal/2x/spearow.jpg,Spearow,Normal,Flying
21,22,https://img.pokemondb.net/sprites/home/normal/2x/fearow.jpg,Fearow,Normal,Flying
22,23,https://img.pokemondb.net/sprites/home/normal/2x/ekans.jpg,Ekans,Poison,
23,24,https://img.pokemondb.net/sprites/home/normal/2x/arbok.jpg,Arbok,Poison,
24,25,https://img.pokemondb.net/sprites/home/normal/2x/pikachu.jpg,Pikachu,Electric,
25,26,https://img.pokemondb.net/sprites/home/normal/2x/raichu.jpg,Raichu,Electric,
26,27,https://img.pokemondb.net/sprites/home/normal/2x/sandshrew.jpg,Sandshrew,Ground,
27,28,https://img.pokemondb.net/sprites/home/normal/2x/sandslash.jpg,Sandslash,Ground,
28,29,https://img.pokemondb.net/sprites/home/normal/2x/nidoran-f.jpg,Nidoran♀,Poison,
29,30,https://img.pokemondb.net/sprites/home/normal/2x/nidorina.jpg,Nidorina,Poison,
30,31,https://img.pokemondb.net/sprites/home/normal/2x/nidoqueen.jpg,Nidoqueen,Poison,Ground
31,32,https://img.pokemondb.net/sprites/home/normal/2x/nidoran-m.jpg,Nidoran♂,Poison,
32,33,https://img.pokemondb.net/sprites/home/normal/2x/nidorino.jpg,Nidorino,Poison,
33,34,https://img.pokemondb.net/sprites/home/normal/2x/nidoking.jpg,Nidoking,Poison,Ground
34,35,https://img.pokemondb.net/sprites/home/normal/2x/clefairy.jpg,Clefairy,Fairy,
35,36,https://img.pokemondb.net/sprites/home/normal/2x/clefable.jpg,Clefable,Fairy,
36,37,https://img.pokemondb.net/sprites/home/normal/2x/vulpix.jpg,Vulpix,Fire,
37,38,https://img.pokemondb.net/sprites/home/normal/2x/ninetales.jpg,Ninetales,Fire,
38,39,https://img.pokemondb.net/sprites/home/normal/2x/jigglypuff.jpg,Jigglypuff,Normal,Fairy
39,40,https://img.pokemondb.net/sprites/home/normal/2x/wigglytuff.jpg,Wigglytuff,Normal,Fairy
40,41,https://img.pokemondb.net/sprites/home/normal/2x/zubat.jpg,Zubat,Poison,Flying
41,42,https://img.pokemondb.net/sprites/home/normal/2x/golbat.jpg,Golbat,Poison,Flying
42,43,https://img.pokemondb.net/sprites/home/normal/2x/oddish.jpg,Oddish,Grass,Poison
43,44,https://img.pokemondb.net/sprites/home/normal/2x/gloom.jpg,Gloom,Grass,Poison
44,45,https://img.pokemondb.net/sprites/home/normal/2x/vileplume.jpg,Vileplume,Grass,Poison
45,46,https://img.pokemondb.net/sprites/home/normal/2x/paras.jpg,Paras,Bug,Grass
46,47,https://img.pokemondb.net/sprites/home/normal/2x/parasect.jpg,Parasect,Bug,Grass
47,48,https://img.pokemondb.net/sprites/home/normal/2x/venonat.jpg,Venonat,Bug,Poison
48,49,https://img.pokemondb.net/sprites/home/normal/2x/venomoth.jpg,Venomoth,Bug,Poison
49,50,https://img.pokemondb.net/sprites/home/normal/2x/diglett.jpg,Diglett,Ground,
50,51,https://img.pokemondb.net/sprites/home/normal/2x/dugtrio.jpg,Dugtrio,Ground,
51,52,https://img.pokemondb.net/sprites/home/normal/2x/meowth.jpg,Meowth,Normal,
52,53,https://img.pokemondb.net/sprites/home/normal/2x/persian.jpg,Persian,Normal,
53,54,https://img.pokemondb.net/sprites/home/normal/2x/psyduck.jpg,Psyduck,Water,
54,55,https://img.pokemondb.net/sprites/home/normal/2x/golduck.jpg,Golduck,Water,
55,56,https://img.pokemondb.net/sprites/home/normal/2x/mankey.jpg,Mankey,Fighting,
56,57,https://img.pokemondb.net/sprites/home/normal/2x/primeape.jpg,Primeape,Fighting,
57,58,https://img.pokemondb.net/sprites/home/normal/2x/growlithe.jpg,Growlithe,Fire,
58,59,https://img.pokemondb.net/sprites/home/normal/2x/arcanine.jpg,Arcanine,Fire,
59,60,https://img.pokemondb.net/sprites/home/normal/2x/poliwag.jpg,Poliwag,Water,
60,61,https://img.pokemondb.net/sprites/home/normal/2x/poliwhirl.jpg,Poliwhirl,Water,
61,62,https://img.pokemondb.net/sprites/home/normal/2x/poliwrath.jpg,Poliwrath,Water,Fighting
62,63,https://img.pokemondb.net/sprites/home/normal/2x/abra.jpg,Abra,Psychic,
63,64,https://img.pokemondb.net/sprites/home/normal/2x/kadabra.jpg,Kadabra,Psychic,
64,65,https://img.pokemondb.net/sprites/home/normal/2x/alakazam.jpg,Alakazam,Psychic,
65,66,https://img.pokemondb.net/sprites/home/normal/2x/machop.jpg,Machop,Fighting,
66,67,https://img.pokemondb.net/sprites/home/normal/2x/machoke.jpg,Machoke,Fighting,
67,68,https://img.pokemondb.net/sprites/home/normal/2x/machamp.jpg,Machamp,Fighting,
68,69,https://img.pokemondb.net/sprites/home/normal/2x/bellsprout.jpg,Bellsprout,Grass,Poison
69,70,https://img.pokemondb.net/sprites/home/normal/2x/weepinbell.jpg,Weepinbell,Grass,Poison
70,71,https://img.pokemondb.net/sprites/home/normal/2x/victreebel.jpg,Victreebel,Grass,Poison
71,72,https://img.pokemondb.net/sprites/home/normal/2x/tentacool.jpg,Tentacool,Water,Poison
72,73,https://img.pokemondb.net/sprites/home/normal/2x/tentacruel.jpg,Tentacruel,Water,Poison
73,74,https://img.pokemondb.net/sprites/home/normal/2x/geodude.jpg,Geodude,Rock,Ground
74,75,https://img.pokemondb.net/sprites/home/normal/2x/graveler.jpg,Graveler,Rock,Ground
75,76,https://img.pokemondb.net/sprites/home/normal/2x/golem.jpg,Golem,Rock,Ground
76,77,https://img.pokemondb.net/sprites/home/normal/2x/ponyta.jpg,Ponyta,Fire,
77,78,https://img.pokemondb.net/sprites/home/normal/2x/rapidash.jpg,Rapidash,Fire,
78,79,https://img.pokemondb.net/sprites/home/normal/2x/slowpoke.jpg,Slowpoke,Water,Psychic
79,80,https://img.pokemondb.net/sprites/home/normal/2x/slowbro.jpg,Slowbro,Water,Psychic
80,81,https://img.pokemondb.net/sprites/home/normal/2x/magnemite.jpg,Magnemite,Electric,Steel
81,82,https://img.pokemondb.net/sprites/home/normal/2x/magneton.jpg,Magneton,Electric,Steel
82,83,https://img.pokemondb.net/sprites/home/normal/2x/farfetchd.jpg,Farfetch'd,Normal,Flying
83,84,https://img.pokemondb.net/sprites/home/normal/2x/doduo.jpg,Doduo,Normal,Flying
84,85,https://img.pokemondb.net/sprites/home/normal/2x/dodrio.jpg,Dodrio,Normal,Flying
85,86,https://img.pokemondb.net/sprites/home/normal/2x/seel.jpg,Seel,Water,
86,87,https://img.pokemondb.net/sprites/home/normal/2x/dewgong.jpg,Dewgong,Water,Ice
87,88,https://img.pokemondb.net/sprites/home/normal/2x/grimer.jpg,Grimer,Poison,
88,89,https://img.pokemondb.net/sprites/home/normal/2x/muk.jpg,Muk,Poison,
89,90,https://img.pokemondb.net/sprites/home/normal/2x/shellder.jpg,Shellder,Water,
90,91,https://img.pokemondb.net/sprites/home/normal/2x/cloyster.jpg,Cloyster,Water,Ice
91,92,https://img.pokemondb.net/sprites/home/normal/2x/gastly.jpg,Gastly,Ghost,Poison
92,93,https://img.pokemondb.net/sprites/home/normal/2x/haunter.jpg,Haunter,Ghost,Poison
93,94,https://img.pokemondb.net/sprites/home/normal/2x/gengar.jpg,Gengar,Ghost,Poison
94,95,https://img.pokemondb.net/sprites/home/normal/2x/onix.jpg,Onix,Rock,Ground
95,96,https://img.pokemondb.net/sprites/home/normal/2x/drowzee.jpg,Drowzee,Psychic,
96,97,https://img.pokemondb.net/sprites/home/normal/2x/hypno.jpg,Hypno,Psychic,
97,98,https://img.pokemondb.net/sprites/home/normal/2x/krabby.jpg,Krabby,Water,
98,99,https://img.pokemondb.net/sprites/home/normal/2x/kingler.jpg,Kingler,Water,
99,100,https://img.pokemondb.net/sprites/home/normal/2x/voltorb.jpg,Voltorb,Electric,
100,101,https://img.pokemondb.net/sprites/home/normal/2x/electrode.jpg,Electrode,Electric,
101,102,https://img.pokemondb.net/sprites/home/normal/2x/exeggcute.jpg,Exeggcute,Grass,Psychic
102,103,https://img.pokemondb.net/sprites/home/normal/2x/exeggutor.jpg,Exeggutor,Grass,Psychic
103,104,https://img.pokemondb.net/sprites/home/normal/2x/cubone.jpg,Cubone,Ground,
104,105,https://img.pokemondb.net/sprites/home/normal/2x/marowak.jpg,Marowak,Ground,
105,106,https://img.pokemondb.net/sprites/home/normal/2x/hitmonlee.jpg,Hitmonlee,Fighting,
106,107,https://img.pokemondb.net/sprites/home/normal/2x/hitmonchan.jpg,Hitmonchan,Fighting,
107,108,https://img.pokemondb.net/sprites/home/normal/2x/lickitung.jpg,Lickitung,Normal,
108,109,https://img.pokemondb.net/sprites/home/normal/2x/koffing.jpg,Koffing,Poison,
109,110,https://img.pokemondb.net/sprites/home/normal/2x/weezing.jpg,Weezing,Poison,
110,111,https://img.pokemondb.net/sprites/home/normal/2x/rhyhorn.jpg,Rhyhorn,Ground,Rock
111,112,https://img.pokemondb.net/sprites/home/normal/2x/rhydon.jpg,Rhydon,Ground,Rock
112,113,https://img.pokemondb.net/sprites/home/normal/2x/chansey.jpg,Chansey,Normal,
113,114,https://img.pokemondb.net/sprites/home/normal/2x/tangela.jpg,Tangela,Grass,
114,115,https://img.pokemondb.net/sprites/home/normal/2x/kangaskhan.jpg,Kangaskhan,Normal,
115,116,https://img.pokemondb.net/sprites/home/normal/2x/horsea.jpg,Horsea,Water,
116,117,https://img.pokemondb.net/sprites/home/normal/2x/seadra.jpg,Seadra,Water,
117,118,https://img.pokemondb.net/sprites/home/normal/2x/goldeen.jpg,Goldeen,Water,
118,119,https://img.pokemondb.net/sprites/home/normal/2x/seaking.jpg,Seaking,Water,
119,120,https://img.pokemondb.net/sprites/home/normal/2x/staryu.jpg,Staryu,Water,
120,121,https://img.pokemondb.net/sprites/home/normal/2x/starmie.jpg,Starmie,Water,Psychic
121,122,https://img.pokemondb.net/sprites/home/normal/2x/mr-mime.jpg,Mr. Mime,Psychic,Fairy
122,123,https://img.pokemondb.net/sprites/home/normal/2x/scyther.jpg,Scyther,Bug,Flying
123,124,https://img.pokemondb.net/sprites/home/normal/2x/jynx.jpg,Jynx,Ice,Psychic
124,125,https://img.pokemondb.net/sprites/home/normal/2x/electabuzz.jpg,Electabuzz,Electric,
125,126,https://img.pokemondb.net/sprites/home/normal/2x/magmar.jpg,Magmar,Fire,
126,127,https://img.pokemondb.net/sprites/home/normal/2x/pinsir.jpg,Pinsir,Bug,
127,128,https://img.pokemondb.net/sprites/home/normal/2x/tauros.jpg,Tauros,Normal,
128,129,https://img.pokemondb.net/sprites/home/normal/2x/magikarp.jpg,Magikarp,Water,
129,130,https://img.pokemondb.net/sprites/home/normal/2x/gyarados.jpg,Gyarados,Water,Flying
130,131,https://img.pokemondb.net/sprites/home/normal/2x/lapras.jpg,Lapras,Water,Ice
131,132,https://img.pokemondb.net/sprites/home/normal/2x/ditto.jpg,Ditto,Normal,
132,133,https://img.pokemondb.net/sprites/home/normal/2x/eevee.jpg,Eevee,Normal,
133,134,https://img.pokemondb.net/sprites/home/normal/2x/vaporeon.jpg,Vaporeon,Water,
134,135,https://img.pokemondb.net/sprites/home/normal/2x/jolteon.jpg,Jolteon,Electric,
135,136,https://img.pokemondb.net/sprites/home/normal/2x/flareon.jpg,Flareon,Fire,
136,137,https://img.pokemondb.net/sprites/home/normal/2x/porygon.jpg,Porygon,Normal,
137,138,https://img.pokemondb.net/sprites/home/normal/2x/omanyte.jpg,Omanyte,Rock,Water
138,139,https://img.pokemondb.net/sprites/home/normal/2x/omastar.jpg,Omastar,Rock,Water
139,140,https://img.pokemondb.net/sprites/home/normal/2x/kabuto.jpg,Kabuto,Rock,Water
140,141,https://img.pokemondb.net/sprites/home/normal/2x/kabutops.jpg,Kabutops,Rock,Water
141,142,https://img.pokemondb.net/sprites/home/normal/2x/aerodactyl.jpg,Aerodactyl,Rock,Flying
142,143,https://img.pokemondb.net/sprites/home/normal/2x/snorlax.jpg,Snorlax,Normal,
143,144,https://img.pokemondb.net/sprites/home/normal/2x/articuno.jpg,Articuno,Ice,Flying
144,145,https://img.pokemondb.net/sprites/home/normal/2x/zapdos.jpg,Zapdos,Electric,Flying
145,146,https://img.pokemondb.net/sprites/home/normal/2x/moltres.jpg,Moltres,Fire,Flying
146,147,https://img.pokemondb.net/sprites/home/normal/2x/dratini.jpg,Dratini,Dragon,
147,148,https://img.pokemondb.net/sprites/home/normal/2x/dragonair.jpg,Dragonair,Dragon,
148,149,https://img.pokemondb.net/sprites/home/normal/2x/dragonite.jpg,Dragonite,Dragon,Flying
149,150,https://img.pokemondb.net/sprites/home/normal/2x/mewtwo.jpg,Mewtwo,Psychic,
150,151,https://img.pokemondb.net/sprites/home/normal/2x/mew.jpg,Mew,Psychic,
151,152,https://img.pokemondb.net/sprites/home/normal/2x/chikorita.jpg,Chikorita,Grass,
152,153,https://img.pokemondb.net/sprites/home/normal/2x/bayleef.jpg,Bayleef,Grass,
153,154,https://img.pokemondb.net/sprites/home/normal/2x/meganium.jpg,Meganium,Grass,
154,155,https://img.pokemondb.net/sprites/home/normal/2x/cyndaquil.jpg,Cyndaquil,Fire,
155,156,https://img.pokemondb.net/sprites/home/normal/2x/quilava.jpg,Quilava,Fire,
156,157,https://img.pokemondb.net/sprites/home/normal/2x/typhlosion.jpg,Typhlosion,Fire,
157,158,https://img.pokemondb.net/sprites/home/normal/2x/totodile.jpg,Totodile,Water,
158,159,https://img.pokemondb.net/sprites/home/normal/2x/croconaw.jpg,Croconaw,Water,
159,160,https://img.pokemondb.net/sprites/home/normal/2x/feraligatr.jpg,Feraligatr,Water,
160,161,https://img.pokemondb.net/sprites/home/normal/2x/sentret.jpg,Sentret,Normal,
161,162,https://img.pokemondb.net/sprites/home/normal/2x/furret.jpg,Furret,Normal,
162,163,https://img.pokemondb.net/sprites/home/normal/2x/hoothoot.jpg,Hoothoot,Normal,Flying
163,164,https://img.pokemondb.net/sprites/home/normal/2x/noctowl.jpg,Noctowl,Normal,Flying
164,165,https://img.pokemondb.net/sprites/home/normal/2x/ledyba.jpg,Ledyba,Bug,Flying
165,166,https://img.pokemondb.net/sprites/home/normal/2x/ledian.jpg,Ledian,Bug,Flying
166,167,https://img.pokemondb.net/sprites/home/normal/2x/spinarak.jpg,Spinarak,Bug,Poison
167,168,https://img.pokemondb.net/sprites/home/normal/2x/ariados.jpg,Ariados,Bug,Poison
168,169,https://img.pokemondb.net/sprites/home/normal/2x/crobat.jpg,Crobat,Poison,Flying
169,170,https://img.pokemondb.net/sprites/home/normal/2x/chinchou.jpg,Chinchou,Water,Electric
170,171,https://img.pokemondb.net/sprites/home/normal/2x/lanturn.jpg,Lanturn,Water,Electric
171,172,https://img.pokemondb.net/sprites/home/normal/2x/pichu.jpg,Pichu,Electric,
172,173,https://img.pokemondb.net/sprites/home/normal/2x/cleffa.jpg,Cleffa,Fairy,
173,174,https://img.pokemondb.net/sprites/home/normal/2x/igglybuff.jpg,Igglybuff,Normal,Fairy
174,175,https://img.pokemondb.net/sprites/home/normal/2x/togepi.jpg,Togepi,Fairy,
175,176,https://img.pokemondb.net/sprites/home/normal/2x/togetic.jpg,Togetic,Fairy,Flying
176,177,https://img.pokemondb.net/sprites/home/normal/2x/natu.jpg,Natu,Psychic,Flying
177,178,https://img.pokemondb.net/sprites/home/normal/2x/xatu.jpg,Xatu,Psychic,Flying
178,179,https://img.pokemondb.net/sprites/home/normal/2x/mareep.jpg,Mareep,Electric,
179,180,https://img.pokemondb.net/sprites/home/normal/2x/flaaffy.jpg,Flaaffy,Electric,
180,181,https://img.pokemondb.net/sprites/home/normal/2x/ampharos.jpg,Ampharos,Electric,
181,182,https://img.pokemondb.net/sprites/home/normal/2x/bellossom.jpg,Bellossom,Grass,
182,183,https://img.pokemondb.net/sprites/home/normal/2x/marill.jpg,Marill,Water,Fairy
183,184,https://img.pokemondb.net/sprites/home/normal/2x/azumarill.jpg,Azumarill,Water,Fairy
184,185,https://img.pokemondb.net/sprites/home/normal/2x/sudowoodo.jpg,Sudowoodo,Rock,
185,186,https://img.pokemondb.net/sprites/home/normal/2x/politoed.jpg,Politoed,Water,
186,187,https://img.pokemondb.net/sprites/home/normal/2x/hoppip.jpg,Hoppip,Grass,Flying
187,188,https://img.pokemondb.net/sprites/home/normal/2x/skiploom.jpg,Skiploom,Grass,Flying
188,189,https://img.pokemondb.net/sprites/home/normal/2x/jumpluff.jpg,Jumpluff,Grass,Flying
189,190,https://img.pokemondb.net/sprites/home/normal/2x/aipom.jpg,Aipom,Normal,
190,191,https://img.pokemondb.net/sprites/home/normal/2x/sunkern.jpg,Sunkern,Grass,
191,192,https://img.pokemondb.net/sprites/home/normal/2x/sunflora.jpg,Sunflora,Grass,
192,193,https://img.pokemondb.net/sprites/home/normal/2x/yanma.jpg,Yanma,Bug,Flying
193,194,https://img.pokemondb.net/sprites/home/normal/2x/wooper.jpg,Wooper,Water,Ground
194,195,https://img.pokemondb.net/sprites/home/normal/2x/quagsire.jpg,Quagsire,Water,Ground
195,196,https://img.pokemondb.net/sprites/home/normal/2x/espeon.jpg,Espeon,Psychic,
196,197,https://img.pokemondb.net/sprites/home/normal/2x/umbreon.jpg,Umbreon,Dark,
197,198,https://img.pokemondb.net/sprites/home/normal/2x/murkrow.jpg,Murkrow,Dark,Flying
198,199,https://img.pokemondb.net/sprites/home/normal/2x/slowking.jpg,Slowking,Water,Psychic
199,200,https://img.pokemondb.net/sprites/home/normal/2x/misdreavus.jpg,Misdreavus,Ghost,
200,201,https://img.pokemondb.net/sprites/home/normal/2x/unown.jpg,Unown,Psychic,
201,202,https://img.pokemondb.net/sprites/home/normal/2x/wobbuffet.jpg,Wobbuffet,Psychic,
202,203,https://img.pokemondb.net/sprites/home/normal/2x/girafarig.jpg,Girafarig,Normal,Psychic
203,204,https://img.pokemondb.net/sprites/home/normal/2x/pineco.jpg,Pineco,Bug,
204,205,https://img.pokemondb.net/sprites/home/normal/2x/forretress.jpg,Forretress,Bug,Steel
205,206,https://img.pokemondb.net/sprites/home/normal/2x/dunsparce.jpg,Dunsparce,Normal,
206,207,https://img.pokemondb.net/sprites/home/normal/2x/gligar.jpg,Gligar,Ground,Flying
207,208,https://img.pokemondb.net/sprites/home/normal/2x/steelix.jpg,Steelix,Steel,Ground
208,209,https://img.pokemondb.net/sprites/home/normal/2x/snubbull.jpg,Snubbull,Fairy,
209,210,https://img.pokemondb.net/sprites/home/normal/2x/granbull.jpg,Granbull,Fairy,
210,211,https://img.pokemondb.net/sprites/home/normal/2x/qwilfish.jpg,Qwilfish,Water,Poison
211,212,https://img.pokemondb.net/sprites/home/normal/2x/scizor.jpg,Scizor,Bug,Steel
212,213,https://img.pokemondb.net/sprites/home/normal/2x/shuckle.jpg,Shuckle,Bug,Rock
213,214,https://img.pokemondb.net/sprites/home/normal/2x/heracross.jpg,Heracross,Bug,Fighting
214,215,https://img.pokemondb.net/sprites/home/normal/2x/sneasel.jpg,Sneasel,Dark,Ice
215,216,https://img.pokemondb.net/sprites/home/normal/2x/teddiursa.jpg,Teddiursa,Normal,
216,217,https://img.pokemondb.net/sprites/home/normal/2x/ursaring.jpg,Ursaring,Normal,
217,218,https://img.pokemondb.net/sprites/home/normal/2x/slugma.jpg,Slugma,Fire,
218,219,https://img.pokemondb.net/sprites/home/normal/2x/magcargo.jpg,Magcargo,Fire,Rock
219,220,https://img.pokemondb.net/sprites/home/normal/2x/swinub.jpg,Swinub,Ice,Ground
220,221,https://img.pokemondb.net/sprites/home/normal/2x/piloswine.jpg,Piloswine,Ice,Ground
221,222,https://img.pokemondb.net/sprites/home/normal/2x/corsola.jpg,Corsola,Water,Rock
222,223,https://img.pokemondb.net/sprites/home/normal/2x/remoraid.jpg,Remoraid,Water,
223,224,https://img.pokemondb.net/sprites/home/normal/2x/octillery.jpg,Octillery,Water,
224,225,https://img.pokemondb.net/sprites/home/normal/2x/delibird.jpg,Delibird,Ice,Flying
225,226,https://img.pokemondb.net/sprites/home/normal/2x/mantine.jpg,Mantine,Water,Flying
226,227,https://img.pokemondb.net/sprites/home/normal/2x/skarmory.jpg,Skarmory,Steel,Flying
227,228,https://img.pokemondb.net/sprites/home/normal/2x/houndour.jpg,Houndour,Dark,Fire
228,229,https://img.pokemondb.net/sprites/home/normal/2x/houndoom.jpg,Houndoom,Dark,Fire
229,230,https://img.pokemondb.net/sprites/home/normal/2x/kingdra.jpg,Kingdra,Water,Dragon
230,231,https://img.pokemondb.net/sprites/home/normal/2x/phanpy.jpg,Phanpy,Ground,
231,232,https://img.pokemondb.net/sprites/home/normal/2x/donphan.jpg,Donphan,Ground,
232,233,https://img.pokemondb.net/sprites/home/normal/2x/porygon2.jpg,Porygon2,Normal,
233,234,https://img.pokemondb.net/sprites/home/normal/2x/stantler.jpg,Stantler,Normal,
234,235,https://img.pokemondb.net/sprites/home/normal/2x/smeargle.jpg,Smeargle,Normal,
235,236,https://img.pokemondb.net/sprites/home/normal/2x/tyrogue.jpg,Tyrogue,Fighting,
236,237,https://img.pokemondb.net/sprites/home/normal/2x/hitmontop.jpg,Hitmontop,Fighting,
237,238,https://img.pokemondb.net/sprites/home/normal/2x/smoochum.jpg,Smoochum,Ice,Psychic
238,239,https://img.pokemondb.net/sprites/home/normal/2x/elekid.jpg,Elekid,Electric,
239,240,https://img.pokemondb.net/sprites/home/normal/2x/magby.jpg,Magby,Fire,
240,241,https://img.pokemondb.net/sprites/home/normal/2x/miltank.jpg,Miltank,Normal,
241,242,https://img.pokemondb.net/sprites/home/normal/2x/blissey.jpg,Blissey,Normal,
242,243,https://img.pokemondb.net/sprites/home/normal/2x/raikou.jpg,Raikou,Electric,
243,244,https://img.pokemondb.net/sprites/home/normal/2x/entei.jpg,Entei,Fire,
244,245,https://img.pokemondb.net/sprites/home/normal/2x/suicune.jpg,Suicune,Water,
245,246,https://img.pokemondb.net/sprites/home/normal/2x/larvitar.jpg,Larvitar,Rock,Ground
246,247,https://img.pokemondb.net/sprites/home/normal/2x/pupitar.jpg,Pupitar,Rock,Ground
247,248,https://img.pokemondb.net/sprites/home/normal/2x/tyranitar.jpg,Tyranitar,Rock,Dark
248,249,https://img.pokemondb.net/sprites/home/normal/2x/lugia.jpg,Lugia,Psychic,Flying
249,250,https://img.pokemondb.net/sprites/home/normal/2x/ho-oh.jpg,Ho-oh,Fire,Flying
250,251,https://img.pokemondb.net/sprites/home/normal/2x/celebi.jpg,Celebi,Psychic,Grass
251,252,https://img.pokemondb.net/sprites/home/normal/2x/treecko.jpg,Treecko,Grass,
252,253,https://img.pokemondb.net/sprites/home/normal/2x/grovyle.jpg,Grovyle,Grass,
253,254,https://img.pokemondb.net/sprites/home/normal/2x/sceptile.jpg,Sceptile,Grass,
254,255,https://img.pokemondb.net/sprites/home/normal/2x/torchic.jpg,Torchic,Fire,
255,256,https://img.pokemondb.net/sprites/home/normal/2x/combusken.jpg,Combusken,Fire,Fighting
256,257,https://img.pokemondb.net/sprites/home/normal/2x/blaziken.jpg,Blaziken,Fire,Fighting
257,258,https://img.pokemondb.net/sprites/home/normal/2x/mudkip.jpg,Mudkip,Water,
258,259,https://img.pokemondb.net/sprites/home/normal/2x/marshtomp.jpg,Marshtomp,Water,Ground
259,260,https://img.pokemondb.net/sprites/home/normal/2x/swampert.jpg,Swampert,Water,Ground
260,261,https://img.pokemondb.net/sprites/home/normal/2x/poochyena.jpg,Poochyena,Dark,
261,262,https://img.pokemondb.net/sprites/home/normal/2x/mightyena.jpg,Mightyena,Dark,
262,263,https://img.pokemondb.net/sprites/home/normal/2x/zigzagoon.jpg,Zigzagoon,Normal,
263,264,https://img.pokemondb.net/sprites/home/normal/2x/linoone.jpg,Linoone,Normal,
264,265,https://img.pokemondb.net/sprites/home/normal/2x/wurmple.jpg,Wurmple,Bug,
265,266,https://img.pokemondb.net/sprites/home/normal/2x/silcoon.jpg,Silcoon,Bug,
266,267,https://img.pokemondb.net/sprites/home/normal/2x/beautifly.jpg,Beautifly,Bug,Flying
267,268,https://img.pokemondb.net/sprites/home/normal/2x/cascoon.jpg,Cascoon,Bug,
268,269,https://img.pokemondb.net/sprites/home/normal/2x/dustox.jpg,Dustox,Bug,Poison
269,270,https://img.pokemondb.net/sprites/home/normal/2x/lotad.jpg,Lotad,Water,Grass
270,271,https://img.pokemondb.net/sprites/home/normal/2x/lombre.jpg,Lombre,Water,Grass
271,272,https://img.pokemondb.net/sprites/home/normal/2x/ludicolo.jpg,Ludicolo,Water,Grass
272,273,https://img.pokemondb.net/sprites/home/normal/2x/seedot.jpg,Seedot,Grass,
273,274,https://img.pokemondb.net/sprites/home/normal/2x/nuzleaf.jpg,Nuzleaf,Grass,Dark
274,275,https://img.pokemondb.net/sprites/home/normal/2x/shiftry.jpg,Shiftry,Grass,Dark
275,276,https://img.pokemondb.net/sprites/home/normal/2x/taillow.jpg,Taillow,Normal,Flying
276,277,https://img.pokemondb.net/sprites/home/normal/2x/swellow.jpg,Swellow,Normal,Flying
277,278,https://img.pokemondb.net/sprites/home/normal/2x/wingull.jpg,Wingull,Water,Flying
278,279,https://img.pokemondb.net/sprites/home/normal/2x/pelipper.jpg,Pelipper,Water,Flying
279,280,https://img.pokemondb.net/sprites/home/normal/2x/ralts.jpg,Ralts,Psychic,Fairy
280,281,https://img.pokemondb.net/sprites/home/normal/2x/kirlia.jpg,Kirlia,Psychic,Fairy
281,282,https://img.pokemondb.net/sprites/home/normal/2x/gardevoir.jpg,Gardevoir,Psychic,Fairy
282,283,https://img.pokemondb.net/sprites/home/normal/2x/surskit.jpg,Surskit,Bug,Water
283,284,https://img.pokemondb.net/sprites/home/normal/2x/masquerain.jpg,Masquerain,Bug,Flying
284,285,https://img.pokemondb.net/sprites/home/normal/2x/shroomish.jpg,Shroomish,Grass,
285,286,https://img.pokemondb.net/sprites/home/normal/2x/breloom.jpg,Breloom,Grass,Fighting
286,287,https://img.pokemondb.net/sprites/home/normal/2x/slakoth.jpg,Slakoth,Normal,
287,288,https://img.pokemondb.net/sprites/home/normal/2x/vigoroth.jpg,Vigoroth,Normal,
288,289,https://img.pokemondb.net/sprites/home/normal/2x/slaking.jpg,Slaking,Normal,
289,290,https://img.pokemondb.net/sprites/home/normal/2x/nincada.jpg,Nincada,Bug,Ground
290,291,https://img.pokemondb.net/sprites/home/normal/2x/ninjask.jpg,Ninjask,Bug,Flying
291,292,https://img.pokemondb.net/sprites/home/normal/2x/shedinja.jpg,Shedinja,Bug,Ghost
292,293,https://img.pokemondb.net/sprites/home/normal/2x/whismur.jpg,Whismur,Normal,
293,294,https://img.pokemondb.net/sprites/home/normal/2x/loudred.jpg,Loudred,Normal,
294,295,https://img.pokemondb.net/sprites/home/normal/2x/exploud.jpg,Exploud,Normal,
295,296,https://img.pokemondb.net/sprites/home/normal/2x/makuhita.jpg,Makuhita,Fighting,
296,297,https://img.pokemondb.net/sprites/home/normal/2x/hariyama.jpg,Hariyama,Fighting,
297,298,https://img.pokemondb.net/sprites/home/normal/2x/azurill.jpg,Azurill,Normal,Fairy
298,299,https://img.pokemondb.net/sprites/home/normal/2x/nosepass.jpg,Nosepass,Rock,
299,300,https://img.pokemondb.net/sprites/home/normal/2x/skitty.jpg,Skitty,Normal,
300,301,https://img.pokemondb.net/sprites/home/normal/2x/delcatty.jpg,Delcatty,Normal,
301,302,https://img.pokemondb.net/sprites/home/normal/2x/sableye.jpg,Sableye,Dark,Ghost
302,303,https://img.pokemondb.net/sprites/home/normal/2x/mawile.jpg,Mawile,Steel,Fairy
303,304,https://img.pokemondb.net/sprites/home/normal/2x/aron.jpg,Aron,Steel,Rock
304,305,https://img.pokemondb.net/sprites/home/normal/2x/lairon.jpg,Lairon,Steel,Rock
305,306,https://img.pokemondb.net/sprites/home/normal/2x/aggron.jpg,Aggron,Steel,Rock
306,307,https://img.pokemondb.net/sprites/home/normal/2x/meditite.jpg,Meditite,Fighting,Psychic
307,308,https://img.pokemondb.net/sprites/home/normal/2x/medicham.jpg,Medicham,Fighting,Psychic
308,309,https://img.pokemondb.net/sprites/home/normal/2x/electrike.jpg,Electrike,Electric,
309,310,https://img.pokemondb.net/sprites/home/normal/2x/manectric.jpg,Manectric,Electric,
310,311,https://img.pokemondb.net/sprites/home/normal/2x/plusle.jpg,Plusle,Electric,
311,312,https://img.pokemondb.net/sprites/home/normal/2x/minun.jpg,Minun,Electric,
312,313,https://img.pokemondb.net/sprites/home/normal/2x/volbeat.jpg,Volbeat,Bug,
313,314,https://img.pokemondb.net/sprites/home/normal/2x/illumise.jpg,Illumise,Bug,
314,315,https://img.pokemondb.net/sprites/home/normal/2x/roselia.jpg,Roselia,Grass,Poison
315,316,https://img.pokemondb.net/sprites/home/normal/2x/gulpin.jpg,Gulpin,Poison,
316,317,https://img.pokemondb.net/sprites/home/normal/2x/swalot.jpg,Swalot,Poison,
317,318,https://img.pokemondb.net/sprites/home/normal/2x/carvanha.jpg,Carvanha,Water,Dark
318,319,https://img.pokemondb.net/sprites/home/normal/2x/sharpedo.jpg,Sharpedo,Water,Dark
319,320,https://img.pokemondb.net/sprites/home/normal/2x/wailmer.jpg,Wailmer,Water,
320,321,https://img.pokemondb.net/sprites/home/normal/2x/wailord.jpg,Wailord,Water,
321,322,https://img.pokemondb.net/sprites/home/normal/2x/numel.jpg,Numel,Fire,Ground
322,323,https://img.pokemondb.net/sprites/home/normal/2x/camerupt.jpg,Camerupt,Fire,Ground
323,324,https://img.pokemondb.net/sprites/home/normal/2x/torkoal.jpg,Torkoal,Fire,
324,325,https://img.pokemondb.net/sprites/home/normal/2x/spoink.jpg,Spoink,Psychic,
325,326,https://img.pokemondb.net/sprites/home/normal/2x/grumpig.jpg,Grumpig,Psychic,
326,327,https://img.pokemondb.net/sprites/home/normal/2x/spinda.jpg,Spinda,Normal,
327,328,https://img.pokemondb.net/sprites/home/normal/2x/trapinch.jpg,Trapinch,Ground,
328,329,https://img.pokemondb.net/sprites/home/normal/2x/vibrava.jpg,Vibrava,Ground,Dragon
329,330,https://img.pokemondb.net/sprites/home/normal/2x/flygon.jpg,Flygon,Ground,Dragon
330,331,https://img.pokemondb.net/sprites/home/normal/2x/cacnea.jpg,Cacnea,Grass,
331,332,https://img.pokemondb.net/sprites/home/normal/2x/cacturne.jpg,Cacturne,Grass,Dark
332,333,https://img.pokemondb.net/sprites/home/normal/2x/swablu.jpg,Swablu,Normal,Flying
333,334,https://img.pokemondb.net/sprites/home/normal/2x/altaria.jpg,Altaria,Dragon,Flying
334,335,https://img.pokemondb.net/sprites/home/normal/2x/zangoose.jpg,Zangoose,Normal,
335,336,https://img.pokemondb.net/sprites/home/normal/2x/seviper.jpg,Seviper,Poison,
336,337,https://img.pokemondb.net/sprites/home/normal/2x/lunatone.jpg,Lunatone,Rock,Psychic
337,338,https://img.pokemondb.net/sprites/home/normal/2x/solrock.jpg,Solrock,Rock,Psychic
338,339,https://img.pokemondb.net/sprites/home/normal/2x/barboach.jpg,Barboach,Water,Ground
339,340,https://img.pokemondb.net/sprites/home/normal/2x/whiscash.jpg,Whiscash,Water,Ground
340,341,https://img.pokemondb.net/sprites/home/normal/2x/corphish.jpg,Corphish,Water,
341,342,https://img.pokemondb.net/sprites/home/normal/2x/crawdaunt.jpg,Crawdaunt,Water,Dark
342,343,https://img.pokemondb.net/sprites/home/normal/2x/baltoy.jpg,Baltoy,Ground,Psychic
343,344,https://img.pokemondb.net/sprites/home/normal/2x/claydol.jpg,Claydol,Ground,Psychic
344,345,https://img.pokemondb.net/sprites/home/normal/2x/lileep.jpg,Lileep,Rock,Grass
345,346,https://img.pokemondb.net/sprites/home/normal/2x/cradily.jpg,Cradily,Rock,Grass
346,347,https://img.pokemondb.net/sprites/home/normal/2x/anorith.jpg,Anorith,Rock,Bug
347,348,https://img.pokemondb.net/sprites/home/normal/2x/armaldo.jpg,Armaldo,Rock,Bug
348,349,https://img.pokemondb.net/sprites/home/normal/2x/feebas.jpg,Feebas,Water,
349,350,https://img.pokemondb.net/sprites/home/normal/2x/milotic.jpg,Milotic,Water,
350,351,https://img.pokemondb.net/sprites/home/normal/2x/castform.jpg,Castform,Normal,
351,352,https://img.pokemondb.net/sprites/home/normal/2x/kecleon.jpg,Kecleon,Normal,
352,353,https://img.pokemondb.net/sprites/home/normal/2x/shuppet.jpg,Shuppet,Ghost,
353,354,https://img.pokemondb.net/sprites/home/normal/2x/banette.jpg,Banette,Ghost,
354,355,https://img.pokemondb.net/sprites/home/normal/2x/duskull.jpg,Duskull,Ghost,
355,356,https://img.pokemondb.net/sprites/home/normal/2x/dusclops.jpg,Dusclops,Ghost,
356,357,https://img.pokemondb.net/sprites/home/normal/2x/tropius.jpg,Tropius,Grass,Flying
357,358,https://img.pokemondb.net/sprites/home/normal/2x/chimecho.jpg,Chimecho,Psychic,
358,359,https://img.pokemondb.net/sprites/home/normal/2x/absol.jpg,Absol,Dark,
359,360,https://img.pokemondb.net/sprites/home/normal/2x/wynaut.jpg,Wynaut,Psychic,
360,361,https://img.pokemondb.net/sprites/home/normal/2x/snorunt.jpg,Snorunt,Ice,
361,362,https://img.pokemondb.net/sprites/home/normal/2x/glalie.jpg,Glalie,Ice,
362,363,https://img.pokemondb.net/sprites/home/normal/2x/spheal.jpg,Spheal,Ice,Water
363,364,https://img.pokemondb.net/sprites/home/normal/2x/sealeo.jpg,Sealeo,Ice,Water
364,365,https://img.pokemondb.net/sprites/home/normal/2x/walrein.jpg,Walrein,Ice,Water
365,366,https://img.pokemondb.net/sprites/home/normal/2x/clamperl.jpg,Clamperl,Water,
366,367,https://img.pokemondb.net/sprites/home/normal/2x/huntail.jpg,Huntail,Water,
367,368,https://img.pokemondb.net/sprites/home/normal/2x/gorebyss.jpg,Gorebyss,Water,
368,369,https://img.pokemondb.net/sprites/home/normal/2x/relicanth.jpg,Relicanth,Water,Rock
369,370,https://img.pokemondb.net/sprites/home/normal/2x/luvdisc.jpg,Luvdisc,Water,
370,371,https://img.pokemondb.net/sprites/home/normal/2x/bagon.jpg,Bagon,Dragon,
371,372,https://img.pokemondb.net/sprites/home/normal/2x/shelgon.jpg,Shelgon,Dragon,
372,373,https://img.pokemondb.net/sprites/home/normal/2x/salamence.jpg,Salamence,Dragon,Flying
373,374,https://img.pokemondb.net/sprites/home/normal/2x/beldum.jpg,Beldum,Steel,Psychic
374,375,https://img.pokemondb.net/sprites/home/normal/2x/metang.jpg,Metang,Steel,Psychic
375,376,https://img.pokemondb.net/sprites/home/normal/2x/metagross.jpg,Metagross,Steel,Psychic
376,377,https://img.pokemondb.net/sprites/home/normal/2x/regirock.jpg,Regirock,Rock,
377,378,https://img.pokemondb.net/sprites/home/normal/2x/regice.jpg,Regice,Ice,
378,379,https://img.pokemondb.net/sprites/home/normal/2x/registeel.jpg,Registeel,Steel,
379,380,https://img.pokemondb.net/sprites/home/normal/2x/latias.jpg,Latias,Dragon,Psychic
380,381,https://img.pokemondb.net/sprites/home/normal/2x/latios.jpg,Latios,Dragon,Psychic
381,382,https://img.pokemondb.net/sprites/home/normal/2x/kyogre.jpg,Kyogre,Water,
382,383,https://img.pokemondb.net/sprites/home/normal/2x/groudon.jpg,Groudon,Ground,
383,384,https://img.pokemondb.net/sprites/home/normal/2x/rayquaza.jpg,Rayquaza,Dragon,Flying
384,385,https://img.pokemondb.net/sprites/home/normal/2x/jirachi.jpg,Jirachi,Steel,Psychic
385,386,https://img.pokemondb.net/sprites/home/normal/2x/deoxys.jpg,Deoxys,Psychic,
386,387,https://img.pokemondb.net/sprites/home/normal/2x/turtwig.jpg,Turtwig,Grass,
387,388,https://img.pokemondb.net/sprites/home/normal/2x/grotle.jpg,Grotle,Grass,
388,389,https://img.pokemondb.net/sprites/home/normal/2x/torterra.jpg,Torterra,Grass,Ground
389,390,https://img.pokemondb.net/sprites/home/normal/2x/chimchar.jpg,Chimchar,Fire,
390,391,https://img.pokemondb.net/sprites/home/normal/2x/monferno.jpg,Monferno,Fire,Fighting
391,392,https://img.pokemondb.net/sprites/home/normal/2x/infernape.jpg,Infernape,Fire,Fighting
392,393,https://img.pokemondb.net/sprites/home/normal/2x/piplup.jpg,Piplup,Water,
393,394,https://img.pokemondb.net/sprites/home/normal/2x/prinplup.jpg,Prinplup,Water,
394,395,https://img.pokemondb.net/sprites/home/normal/2x/empoleon.jpg,Empoleon,Water,Steel
395,396,https://img.pokemondb.net/sprites/home/normal/2x/starly.jpg,Starly,Normal,Flying
396,397,https://img.pokemondb.net/sprites/home/normal/2x/staravia.jpg,Staravia,Normal,Flying
397,398,https://img.pokemondb.net/sprites/home/normal/2x/staraptor.jpg,Staraptor,Normal,Flying
398,399,https://img.pokemondb.net/sprites/home/normal/2x/bidoof.jpg,Bidoof,Normal,
399,400,https://img.pokemondb.net/sprites/home/normal/2x/bibarel.jpg,Bibarel,Normal,Water
400,401,https://img.pokemondb.net/sprites/home/normal/2x/kricketot.jpg,Kricketot,Bug,
401,402,https://img.pokemondb.net/sprites/home/normal/2x/kricketune.jpg,Kricketune,Bug,
402,403,https://img.pokemondb.net/sprites/home/normal/2x/shinx.jpg,Shinx,Electric,
403,404,https://img.pokemondb.net/sprites/home/normal/2x/luxio.jpg,Luxio,Electric,
404,405,https://img.pokemondb.net/sprites/home/normal/2x/luxray.jpg,Luxray,Electric,
405,406,https://img.pokemondb.net/sprites/home/normal/2x/budew.jpg,Budew,Grass,Poison
406,407,https://img.pokemondb.net/sprites/home/normal/2x/roserade.jpg,Roserade,Grass,Poison
407,408,https://img.pokemondb.net/sprites/home/normal/2x/cranidos.jpg,Cranidos,Rock,
408,409,https://img.pokemondb.net/sprites/home/normal/2x/rampardos.jpg,Rampardos,Rock,
409,410,https://img.pokemondb.net/sprites/home/normal/2x/shieldon.jpg,Shieldon,Rock,Steel
410,411,https://img.pokemondb.net/sprites/home/normal/2x/bastiodon.jpg,Bastiodon,Rock,Steel
411,412,https://img.pokemondb.net/sprites/home/normal/2x/burmy.jpg,Burmy,Bug,
412,413,https://img.pokemondb.net/sprites/home/normal/2x/wormadam.jpg,Wormadam,Bug,Grass
413,414,https://img.pokemondb.net/sprites/home/normal/2x/mothim.jpg,Mothim,Bug,Flying
414,415,https://img.pokemondb.net/sprites/home/normal/2x/combee.jpg,Combee,Bug,Flying
415,416,https://img.pokemondb.net/sprites/home/normal/2x/vespiquen.jpg,Vespiquen,Bug,Flying
416,417,https://img.pokemondb.net/sprites/home/normal/2x/pachirisu.jpg,Pachirisu,Electric,
417,418,https://img.pokemondb.net/sprites/home/normal/2x/buizel.jpg,Buizel,Water,
418,419,https://img.pokemondb.net/sprites/home/normal/2x/floatzel.jpg,Floatzel,Water,
419,420,https://img.pokemondb.net/sprites/home/normal/2x/cherubi.jpg,Cherubi,Grass,
420,421,https://img.pokemondb.net/sprites/home/normal/2x/cherrim.jpg,Cherrim,Grass,
421,422,https://img.pokemondb.net/sprites/home/normal/2x/shellos.jpg,Shellos,Water,
422,423,https://img.pokemondb.net/sprites/home/normal/2x/gastrodon.jpg,Gastrodon,Water,Ground
423,424,https://img.pokemondb.net/sprites/home/normal/2x/ambipom.jpg,Ambipom,Normal,
424,425,https://img.pokemondb.net/sprites/home/normal/2x/drifloon.jpg,Drifloon,Ghost,Flying
425,426,https://img.pokemondb.net/sprites/home/normal/2x/drifblim.jpg,Drifblim,Ghost,Flying
426,427,https://img.pokemondb.net/sprites/home/normal/2x/buneary.jpg,Buneary,Normal,
427,428,https://img.pokemondb.net/sprites/home/normal/2x/lopunny.jpg,Lopunny,Normal,
428,429,https://img.pokemondb.net/sprites/home/normal/2x/mismagius.jpg,Mismagius,Ghost,
429,430,https://img.pokemondb.net/sprites/home/normal/2x/honchkrow.jpg,Honchkrow,Dark,Flying
430,431,https://img.pokemondb.net/sprites/home/normal/2x/glameow.jpg,Glameow,Normal,
431,432,https://img.pokemondb.net/sprites/home/normal/2x/purugly.jpg,Purugly,Normal,
432,433,https://img.pokemondb.net/sprites/home/normal/2x/chingling.jpg,Chingling,Psychic,
433,434,https://img.pokemondb.net/sprites/home/normal/2x/stunky.jpg,Stunky,Poison,Dark
434,435,https://img.pokemondb.net/sprites/home/normal/2x/skuntank.jpg,Skuntank,Poison,Dark
435,436,https://img.pokemondb.net/sprites/home/normal/2x/bronzor.jpg,Bronzor,Steel,Psychic
436,437,https://img.pokemondb.net/sprites/home/normal/2x/bronzong.jpg,Bronzong,Steel,Psychic
437,438,https://img.pokemondb.net/sprites/home/normal/2x/bonsly.jpg,Bonsly,Rock,
438,439,https://img.pokemondb.net/sprites/home/normal/2x/mime-jr.jpg,Mime Jr.,Psychic,Fairy
439,440,https://img.pokemondb.net/sprites/home/normal/2x/happiny.jpg,Happiny,Normal,
440,441,https://img.pokemondb.net/sprites/home/normal/2x/chatot.jpg,Chatot,Normal,Flying
441,442,https://img.pokemondb.net/sprites/home/normal/2x/spiritomb.jpg,Spiritomb,Ghost,Dark
442,443,https://img.pokemondb.net/sprites/home/normal/2x/gible.jpg,Gible,Dragon,Ground
443,444,https://img.pokemondb.net/sprites/home/normal/2x/gabite.jpg,Gabite,Dragon,Ground
444,445,https://img.pokemondb.net/sprites/home/normal/2x/garchomp.jpg,Garchomp,Dragon,Ground
445,446,https://img.pokemondb.net/sprites/home/normal/2x/munchlax.jpg,Munchlax,Normal,
446,447,https://img.pokemondb.net/sprites/home/normal/2x/riolu.jpg,Riolu,Fighting,
447,448,https://img.pokemondb.net/sprites/home/normal/2x/lucario.jpg,Lucario,Fighting,Steel
448,449,https://img.pokemondb.net/sprites/home/normal/2x/hippopotas.jpg,Hippopotas,Ground,
449,450,https://img.pokemondb.net/sprites/home/normal/2x/hippowdon.jpg,Hippowdon,Ground,
450,451,https://img.pokemondb.net/sprites/home/normal/2x/skorupi.jpg,Skorupi,Poison,Bug
451,452,https://img.pokemondb.net/sprites/home/normal/2x/drapion.jpg,Drapion,Poison,Dark
452,453,https://img.pokemondb.net/sprites/home/normal/2x/croagunk.jpg,Croagunk,Poison,Fighting
453,454,https://img.pokemondb.net/sprites/home/normal/2x/toxicroak.jpg,Toxicroak,Poison,Fighting
454,455,https://img.pokemondb.net/sprites/home/normal/2x/carnivine.jpg,Carnivine,Grass,
455,456,https://img.pokemondb.net/sprites/home/normal/2x/finneon.jpg,Finneon,Water,
456,457,https://img.pokemondb.net/sprites/home/normal/2x/lumineon.jpg,Lumineon,Water,
457,458,https://img.pokemondb.net/sprites/home/normal/2x/mantyke.jpg,Mantyke,Water,Flying
458,459,https://img.pokemondb.net/sprites/home/normal/2x/snover.jpg,Snover,Grass,Ice
459,460,https://img.pokemondb.net/sprites/home/normal/2x/abomasnow.jpg,Abomasnow,Grass,Ice
460,461,https://img.pokemondb.net/sprites/home/normal/2x/weavile.jpg,Weavile,Dark,Ice
461,462,https://img.pokemondb.net/sprites/home/normal/2x/magnezone.jpg,Magnezone,Electric,Steel
462,463,https://img.pokemondb.net/sprites/home/normal/2x/lickilicky.jpg,Lickilicky,Normal,
463,464,https://img.pokemondb.net/sprites/home/normal/2x/rhyperior.jpg,Rhyperior,Ground,Rock
464,465,https://img.pokemondb.net/sprites/home/normal/2x/tangrowth.jpg,Tangrowth,Grass,
465,466,https://img.pokemondb.net/sprites/home/normal/2x/electivire.jpg,Electivire,Electric,
466,467,https://img.pokemondb.net/sprites/home/normal/2x/magmortar.jpg,Magmortar,Fire,
467,468,https://img.pokemondb.net/sprites/home/normal/2x/togekiss.jpg,Togekiss,Fairy,Flying
468,469,https://img.pokemondb.net/sprites/home/normal/2x/yanmega.jpg,Yanmega,Bug,Flying
469,470,https://img.pokemondb.net/sprites/home/normal/2x/leafeon.jpg,Leafeon,Grass,
470,471,https://img.pokemondb.net/sprites/home/normal/2x/glaceon.jpg,Glaceon,Ice,
471,472,https://img.pokemondb.net/sprites/home/normal/2x/gliscor.jpg,Gliscor,Ground,Flying
472,473,https://img.pokemondb.net/sprites/home/normal/2x/mamoswine.jpg,Mamoswine,Ice,Ground
473,474,https://img.pokemondb.net/sprites/home/normal/2x/porygon-z.jpg,Porygon-Z,Normal,
474,475,https://img.pokemondb.net/sprites/home/normal/2x/gallade.jpg,Gallade,Psychic,Fighting
475,476,https://img.pokemondb.net/sprites/home/normal/2x/probopass.jpg,Probopass,Rock,Steel
476,477,https://img.pokemondb.net/sprites/home/normal/2x/dusknoir.jpg,Dusknoir,Ghost,
477,478,https://img.pokemondb.net/sprites/home/normal/2x/froslass.jpg,Froslass,Ice,Ghost
478,479,https://img.pokemondb.net/sprites/home/normal/2x/rotom.jpg,Rotom,Electric,Ghost
479,480,https://img.pokemondb.net/sprites/home/normal/2x/uxie.jpg,Uxie,Psychic,
480,481,https://img.pokemondb.net/sprites/home/normal/2x/mesprit.jpg,Mesprit,Psychic,
481,482,https://img.pokemondb.net/sprites/home/normal/2x/azelf.jpg,Azelf,Psychic,
482,483,https://img.pokemondb.net/sprites/home/normal/2x/dialga.jpg,Dialga,Steel,Dragon
483,484,https://img.pokemondb.net/sprites/home/normal/2x/palkia.jpg,Palkia,Water,Dragon
484,485,https://img.pokemondb.net/sprites/home/normal/2x/heatran.jpg,Heatran,Fire,Steel
485,486,https://img.pokemondb.net/sprites/home/normal/2x/regigigas.jpg,Regigigas,Normal,
486,487,https://img.pokemondb.net/sprites/home/normal/2x/giratina.jpg,Giratina,Ghost,Dragon
487,488,https://img.pokemondb.net/sprites/home/normal/2x/cresselia.jpg,Cresselia,Psychic,
488,489,https://img.pokemondb.net/sprites/home/normal/2x/phione.jpg,Phione,Water,
489,490,https://img.pokemondb.net/sprites/home/normal/2x/manaphy.jpg,Manaphy,Water,
490,491,https://img.pokemondb.net/sprites/home/normal/2x/darkrai.jpg,Darkrai,Dark,
491,492,https://img.pokemondb.net/sprites/home/normal/2x/shaymin.jpg,Shaymin,Grass,
492,493,https://img.pokemondb.net/sprites/home/normal/2x/arceus.jpg,Arceus,Normal,
493,494,https://img.pokemondb.net/sprites/home/normal/2x/victini.jpg,Victini,Psychic,Fire
494,495,https://img.pokemondb.net/sprites/home/normal/2x/snivy.jpg,Snivy,Grass,
495,496,https://img.pokemondb.net/sprites/home/normal/2x/servine.jpg,Servine,Grass,
496,497,https://img.pokemondb.net/sprites/home/normal/2x/serperior.jpg,Serperior,Grass,
497,498,https://img.pokemondb.net/sprites/home/normal/2x/tepig.jpg,Tepig,Fire,
498,499,https://img.pokemondb.net/sprites/home/normal/2x/pignite.jpg,Pignite,Fire,Fighting
499,500,https://img.pokemondb.net/sprites/home/normal/2x/emboar.jpg,Emboar,Fire,Fighting
500,501,https://img.pokemondb.net/sprites/home/normal/2x/oshawott.jpg,Oshawott,Water,
501,502,https://img.pokemondb.net/sprites/home/normal/2x/dewott.jpg,Dewott,Water,
502,503,https://img.pokemondb.net/sprites/home/normal/2x/samurott.jpg,Samurott,Water,
503,504,https://img.pokemondb.net/sprites/home/normal/2x/patrat.jpg,Patrat,Normal,
504,505,https://img.pokemondb.net/sprites/home/normal/2x/watchog.jpg,Watchog,Normal,
505,506,https://img.pokemondb.net/sprites/home/normal/2x/lillipup.jpg,Lillipup,Normal,
506,507,https://img.pokemondb.net/sprites/home/normal/2x/herdier.jpg,Herdier,Normal,
507,508,https://img.pokemondb.net/sprites/home/normal/2x/stoutland.jpg,Stoutland,Normal,
508,509,https://img.pokemondb.net/sprites/home/normal/2x/purrloin.jpg,Purrloin,Dark,
509,510,https://img.pokemondb.net/sprites/home/normal/2x/liepard.jpg,Liepard,Dark,
510,511,https://img.pokemondb.net/sprites/home/normal/2x/pansage.jpg,Pansage,Grass,
511,512,https://img.pokemondb.net/sprites/home/normal/2x/simisage.jpg,Simisage,Grass,
512,513,https://img.pokemondb.net/sprites/home/normal/2x/pansear.jpg,Pansear,Fire,
513,514,https://img.pokemondb.net/sprites/home/normal/2x/simisear.jpg,Simisear,Fire,
514,515,https://img.pokemondb.net/sprites/home/normal/2x/panpour.jpg,Panpour,Water,
515,516,https://img.pokemondb.net/sprites/home/normal/2x/simipour.jpg,Simipour,Water,
516,517,https://img.pokemondb.net/sprites/home/normal/2x/munna.jpg,Munna,Psychic,
517,518,https://img.pokemondb.net/sprites/home/normal/2x/musharna.jpg,Musharna,Psychic,
518,519,https://img.pokemondb.net/sprites/home/normal/2x/pidove.jpg,Pidove,Normal,Flying
519,520,https://img.pokemondb.net/sprites/home/normal/2x/tranquill.jpg,Tranquill,Normal,Flying
520,521,https://img.pokemondb.net/sprites/home/normal/2x/unfezant.jpg,Unfezant,Normal,Flying
521,522,https://img.pokemondb.net/sprites/home/normal/2x/blitzle.jpg,Blitzle,Electric,
522,523,https://img.pokemondb.net/sprites/home/normal/2x/zebstrika.jpg,Zebstrika,Electric,
523,524,https://img.pokemondb.net/sprites/home/normal/2x/roggenrola.jpg,Roggenrola,Rock,
524,525,https://img.pokemondb.net/sprites/home/normal/2x/boldore.jpg,Boldore,Rock,
525,526,https://img.pokemondb.net/sprites/home/normal/2x/gigalith.jpg,Gigalith,Rock,
526,527,https://img.pokemondb.net/sprites/home/normal/2x/woobat.jpg,Woobat,Psychic,Flying
527,528,https://img.pokemondb.net/sprites/home/normal/2x/swoobat.jpg,Swoobat,Psychic,Flying
528,529,https://img.pokemondb.net/sprites/home/normal/2x/drilbur.jpg,Drilbur,Ground,
529,530,https://img.pokemondb.net/sprites/home/normal/2x/excadrill.jpg,Excadrill,Ground,Steel
530,531,https://img.pokemondb.net/sprites/home/normal/2x/audino.jpg,Audino,Normal,
531,532,https://img.pokemondb.net/sprites/home/normal/2x/timburr.jpg,Timburr,Fighting,
532,533,https://img.pokemondb.net/sprites/home/normal/2x/gurdurr.jpg,Gurdurr,Fighting,
533,534,https://img.pokemondb.net/sprites/home/normal/2x/conkeldurr.jpg,Conkeldurr,Fighting,
534,535,https://img.pokemondb.net/sprites/home/normal/2x/tympole.jpg,Tympole,Water,
535,536,https://img.pokemondb.net/sprites/home/normal/2x/palpitoad.jpg,Palpitoad,Water,Ground
536,537,https://img.pokemondb.net/sprites/home/normal/2x/seismitoad.jpg,Seismitoad,Water,Ground
537,538,https://img.pokemondb.net/sprites/home/normal/2x/throh.jpg,Throh,Fighting,
538,539,https://img.pokemondb.net/sprites/home/normal/2x/sawk.jpg,Sawk,Fighting,
539,540,https://img.pokemondb.net/sprites/home/normal/2x/sewaddle.jpg,Sewaddle,Bug,Grass
540,541,https://img.pokemondb.net/sprites/home/normal/2x/swadloon.jpg,Swadloon,Bug,Grass
541,542,https://img.pokemondb.net/sprites/home/normal/2x/leavanny.jpg,Leavanny,Bug,Grass
542,543,https://img.pokemondb.net/sprites/home/normal/2x/venipede.jpg,Venipede,Bug,Poison
543,544,https://img.pokemondb.net/sprites/home/normal/2x/whirlipede.jpg,Whirlipede,Bug,Poison
544,545,https://img.pokemondb.net/sprites/home/normal/2x/scolipede.jpg,Scolipede,Bug,Poison
545,546,https://img.pokemondb.net/sprites/home/normal/2x/cottonee.jpg,Cottonee,Grass,Fairy
546,547,https://img.pokemondb.net/sprites/home/normal/2x/whimsicott.jpg,Whimsicott,Grass,Fairy
547,548,https://img.pokemondb.net/sprites/home/normal/2x/petilil.jpg,Petilil,Grass,
548,549,https://img.pokemondb.net/sprites/home/normal/2x/lilligant.jpg,Lilligant,Grass,
549,550,https://img.pokemondb.net/sprites/home/normal/2x/basculin.jpg,Basculin,Water,
550,551,https://img.pokemondb.net/sprites/home/normal/2x/sandile.jpg,Sandile,Ground,Dark
551,552,https://img.pokemondb.net/sprites/home/normal/2x/krokorok.jpg,Krokorok,Ground,Dark
552,553,https://img.pokemondb.net/sprites/home/normal/2x/krookodile.jpg,Krookodile,Ground,Dark
553,554,https://img.pokemondb.net/sprites/home/normal/2x/darumaka.jpg,Darumaka,Fire,
554,555,https://img.pokemondb.net/sprites/home/normal/2x/darmanitan.jpg,Darmanitan,Fire,
555,556,https://img.pokemondb.net/sprites/home/normal/2x/maractus.jpg,Maractus,Grass,
556,557,https://img.pokemondb.net/sprites/home/normal/2x/dwebble.jpg,Dwebble,Bug,Rock
557,558,https://img.pokemondb.net/sprites/home/normal/2x/crustle.jpg,Crustle,Bug,Rock
558,559,https://img.pokemondb.net/sprites/home/normal/2x/scraggy.jpg,Scraggy,Dark,Fighting
559,560,https://img.pokemondb.net/sprites/home/normal/2x/scrafty.jpg,Scrafty,Dark,Fighting
560,561,https://img.pokemondb.net/sprites/home/normal/2x/sigilyph.jpg,Sigilyph,Psychic,Flying
561,562,https://img.pokemondb.net/sprites/home/normal/2x/yamask.jpg,Yamask,Ghost,
562,563,https://img.pokemondb.net/sprites/home/normal/2x/cofagrigus.jpg,Cofagrigus,Ghost,
563,564,https://img.pokemondb.net/sprites/home/normal/2x/tirtouga.jpg,Tirtouga,Water,Rock
564,565,https://img.pokemondb.net/sprites/home/normal/2x/carracosta.jpg,Carracosta,Water,Rock
565,566,https://img.pokemondb.net/sprites/home/normal/2x/archen.jpg,Archen,Rock,Flying
566,567,https://img.pokemondb.net/sprites/home/normal/2x/archeops.jpg,Archeops,Rock,Flying
567,568,https://img.pokemondb.net/sprites/home/normal/2x/trubbish.jpg,Trubbish,Poison,
568,569,https://img.pokemondb.net/sprites/home/normal/2x/garbodor.jpg,Garbodor,Poison,
569,570,https://img.pokemondb.net/sprites/home/normal/2x/zorua.jpg,Zorua,Dark,
570,571,https://img.pokemondb.net/sprites/home/normal/2x/zoroark.jpg,Zoroark,Dark,
571,572,https://img.pokemondb.net/sprites/home/normal/2x/minccino.jpg,Minccino,Normal,
572,573,https://img.pokemondb.net/sprites/home/normal/2x/cinccino.jpg,Cinccino,Normal,
573,574,https://img.pokemondb.net/sprites/home/normal/2x/gothita.jpg,Gothita,Psychic,
574,575,https://img.pokemondb.net/sprites/home/normal/2x/gothorita.jpg,Gothorita,Psychic,
575,576,https://img.pokemondb.net/sprites/home/normal/2x/gothitelle.jpg,Gothitelle,Psychic,
576,577,https://img.pokemondb.net/sprites/home/normal/2x/solosis.jpg,Solosis,Psychic,
577,578,https://img.pokemondb.net/sprites/home/normal/2x/duosion.jpg,Duosion,Psychic,
578,579,https://img.pokemondb.net/sprites/home/normal/2x/reuniclus.jpg,Reuniclus,Psychic,
579,580,https://img.pokemondb.net/sprites/home/normal/2x/ducklett.jpg,Ducklett,Water,Flying
580,581,https://img.pokemondb.net/sprites/home/normal/2x/swanna.jpg,Swanna,Water,Flying
581,582,https://img.pokemondb.net/sprites/home/normal/2x/vanillite.jpg,Vanillite,Ice,
582,583,https://img.pokemondb.net/sprites/home/normal/2x/vanillish.jpg,Vanillish,Ice,
583,584,https://img.pokemondb.net/sprites/home/normal/2x/vanilluxe.jpg,Vanilluxe,Ice,
584,585,https://img.pokemondb.net/sprites/home/normal/2x/deerling.jpg,Deerling,Normal,Grass
585,586,https://img.pokemondb.net/sprites/home/normal/2x/sawsbuck.jpg,Sawsbuck,Normal,Grass
586,587,https://img.pokemondb.net/sprites/home/normal/2x/emolga.jpg,Emolga,Electric,Flying
587,588,https://img.pokemondb.net/sprites/home/normal/2x/karrablast.jpg,Karrablast,Bug,
588,589,https://img.pokemondb.net/sprites/home/normal/2x/escavalier.jpg,Escavalier,Bug,Steel
589,590,https://img.pokemondb.net/sprites/home/normal/2x/foongus.jpg,Foongus,Grass,Poison
590,591,https://img.pokemondb.net/sprites/home/normal/2x/amoonguss.jpg,Amoonguss,Grass,Poison
591,592,https://img.pokemondb.net/sprites/home/normal/2x/frillish.jpg,Frillish,Water,Ghost
592,593,https://img.pokemondb.net/sprites/home/normal/2x/jellicent.jpg,Jellicent,Water,Ghost
593,594,https://img.pokemondb.net/sprites/home/normal/2x/alomomola.jpg,Alomomola,Water,
594,595,https://img.pokemondb.net/sprites/home/normal/2x/joltik.jpg,Joltik,Bug,Electric
595,596,https://img.pokemondb.net/sprites/home/normal/2x/galvantula.jpg,Galvantula,Bug,Electric
596,597,https://img.pokemondb.net/sprites/home/normal/2x/ferroseed.jpg,Ferroseed,Grass,Steel
597,598,https://img.pokemondb.net/sprites/home/normal/2x/ferrothorn.jpg,Ferrothorn,Grass,Steel
598,599,https://img.pokemondb.net/sprites/home/normal/2x/klink.jpg,Klink,Steel,
599,600,https://img.pokemondb.net/sprites/home/normal/2x/klang.jpg,Klang,Steel,
600,601,https://img.pokemondb.net/sprites/home/normal/2x/klinklang.jpg,Klinklang,Steel,
601,602,https://img.pokemondb.net/sprites/home/normal/2x/tynamo.jpg,Tynamo,Electric,
602,603,https://img.pokemondb.net/sprites/home/normal/2x/eelektrik.jpg,Eelektrik,Electric,
603,604,https://img.pokemondb.net/sprites/home/normal/2x/eelektross.jpg,Eelektross,Electric,
604,605,https://img.pokemondb.net/sprites/home/normal/2x/elgyem.jpg,Elgyem,Psychic,
605,606,https://img.pokemondb.net/sprites/home/normal/2x/beheeyem.jpg,Beheeyem,Psychic,
606,607,https://img.pokemondb.net/sprites/home/normal/2x/litwick.jpg,Litwick,Ghost,Fire
607,608,https://img.pokemondb.net/sprites/home/normal/2x/lampent.jpg,Lampent,Ghost,Fire
608,609,https://img.pokemondb.net/sprites/home/normal/2x/chandelure.jpg,Chandelure,Ghost,Fire
609,610,https://img.pokemondb.net/sprites/home/normal/2x/axew.jpg,Axew,Dragon,
610,611,https://img.pokemondb.net/sprites/home/normal/2x/fraxure.jpg,Fraxure,Dragon,
611,612,https://img.pokemondb.net/sprites/home/normal/2x/haxorus.jpg,Haxorus,Dragon,
612,613,https://img.pokemondb.net/sprites/home/normal/2x/cubchoo.jpg,Cubchoo,Ice,
613,614,https://img.pokemondb.net/sprites/home/normal/2x/beartic.jpg,Beartic,Ice,
614,615,https://img.pokemondb.net/sprites/home/normal/2x/cryogonal.jpg,Cryogonal,Ice,
615,616,https://img.pokemondb.net/sprites/home/normal/2x/shelmet.jpg,Shelmet,Bug,
616,617,https://img.pokemondb.net/sprites/home/normal/2x/accelgor.jpg,Accelgor,Bug,
617,618,https://img.pokemondb.net/sprites/home/normal/2x/stunfisk.jpg,Stunfisk,Ground,Electric
618,619,https://img.pokemondb.net/sprites/home/normal/2x/mienfoo.jpg,Mienfoo,Fighting,
619,620,https://img.pokemondb.net/sprites/home/normal/2x/mienshao.jpg,Mienshao,Fighting,
620,621,https://img.pokemondb.net/sprites/home/normal/2x/druddigon.jpg,Druddigon,Dragon,
621,622,https://img.pokemondb.net/sprites/home/normal/2x/golett.jpg,Golett,Ground,Ghost
622,623,https://img.pokemondb.net/sprites/home/normal/2x/golurk.jpg,Golurk,Ground,Ghost
623,624,https://img.pokemondb.net/sprites/home/normal/2x/pawniard.jpg,Pawniard,Dark,Steel
624,625,https://img.pokemondb.net/sprites/home/normal/2x/bisharp.jpg,Bisharp,Dark,Steel
625,626,https://img.pokemondb.net/sprites/home/normal/2x/bouffalant.jpg,Bouffalant,Normal,
626,627,https://img.pokemondb.net/sprites/home/normal/2x/rufflet.jpg,Rufflet,Normal,Flying
627,628,https://img.pokemondb.net/sprites/home/normal/2x/braviary.jpg,Braviary,Normal,Flying
628,629,https://img.pokemondb.net/sprites/home/normal/2x/vullaby.jpg,Vullaby,Dark,Flying
629,630,https://img.pokemondb.net/sprites/home/normal/2x/mandibuzz.jpg,Mandibuzz,Dark,Flying
630,631,https://img.pokemondb.net/sprites/home/normal/2x/heatmor.jpg,Heatmor,Fire,
631,632,https://img.pokemondb.net/sprites/home/normal/2x/durant.jpg,Durant,Bug,Steel
632,633,https://img.pokemondb.net/sprites/home/normal/2x/deino.jpg,Deino,Dark,Dragon
633,634,https://img.pokemondb.net/sprites/home/normal/2x/zweilous.jpg,Zweilous,Dark,Dragon
634,635,https://img.pokemondb.net/sprites/home/normal/2x/hydreigon.jpg,Hydreigon,Dark,Dragon
635,636,https://img.pokemondb.net/sprites/home/normal/2x/larvesta.jpg,Larvesta,Bug,Fire
636,637,https://img.pokemondb.net/sprites/home/normal/2x/volcarona.jpg,Volcarona,Bug,Fire
637,638,https://img.pokemondb.net/sprites/home/normal/2x/cobalion.jpg,Cobalion,Steel,Fighting
638,639,https://img.pokemondb.net/sprites/home/normal/2x/terrakion.jpg,Terrakion,Rock,Fighting
639,640,https://img.pokemondb.net/sprites/home/normal/2x/virizion.jpg,Virizion,Grass,Fighting
640,641,https://img.pokemondb.net/sprites/home/normal/2x/tornadus.jpg,Tornadus,Flying,
641,642,https://img.pokemondb.net/sprites/home/normal/2x/thundurus.jpg,Thundurus,Electric,Flying
642,643,https://img.pokemondb.net/sprites/home/normal/2x/reshiram.jpg,Reshiram,Dragon,Fire
643,644,https://img.pokemondb.net/sprites/home/normal/2x/zekrom.jpg,Zekrom,Dragon,Electric
644,645,https://img.pokemondb.net/sprites/home/normal/2x/landorus.jpg,Landorus,Ground,Flying
645,646,https://img.pokemondb.net/sprites/home/normal/2x/kyurem.jpg,Kyurem,Dragon,Ice
646,647,https://img.pokemondb.net/sprites/home/normal/2x/keldeo.jpg,Keldeo,Water,Fighting
647,648,https://img.pokemondb.net/sprites/home/normal/2x/meloetta.jpg,Meloetta,Normal,Psychic
648,649,https://img.pokemondb.net/sprites/home/normal/2x/genesect.jpg,Genesect,Bug,Steel
649,650,https://img.pokemondb.net/sprites/home/normal/2x/chespin.jpg,Chespin,Grass,
650,651,https://img.pokemondb.net/sprites/home/normal/2x/quilladin.jpg,Quilladin,Grass,
651,652,https://img.pokemondb.net/sprites/home/normal/2x/chesnaught.jpg,Chesnaught,Grass,Fighting
652,653,https://img.pokemondb.net/sprites/home/normal/2x/fennekin.jpg,Fennekin,Fire,
653,654,https://img.pokemondb.net/sprites/home/normal/2x/braixen.jpg,Braixen,Fire,
654,655,https://img.pokemondb.net/sprites/home/normal/2x/delphox.jpg,Delphox,Fire,Psychic
655,656,https://img.pokemondb.net/sprites/home/normal/2x/froakie.jpg,Froakie,Water,
656,657,https://img.pokemondb.net/sprites/home/normal/2x/frogadier.jpg,Frogadier,Water,
657,658,https://img.pokemondb.net/sprites/home/normal/2x/greninja.jpg,Greninja,Water,Dark
658,659,https://img.pokemondb.net/sprites/home/normal/2x/bunnelby.jpg,Bunnelby,Normal,
659,660,https://img.pokemondb.net/sprites/home/normal/2x/diggersby.jpg,Diggersby,Normal,Ground
660,661,https://img.pokemondb.net/sprites/home/normal/2x/fletchling.jpg,Fletchling,Normal,Flying
661,662,https://img.pokemondb.net/sprites/home/normal/2x/fletchinder.jpg,Fletchinder,Fire,Flying
662,663,https://img.pokemondb.net/sprites/home/normal/2x/talonflame.jpg,Talonflame,Fire,Flying
663,664,https://img.pokemondb.net/sprites/home/normal/2x/scatterbug.jpg,Scatterbug,Bug,
664,665,https://img.pokemondb.net/sprites/home/normal/2x/spewpa.jpg,Spewpa,Bug,
665,666,https://img.pokemondb.net/sprites/home/normal/2x/vivillon.jpg,Vivillon,Bug,Flying
666,667,https://img.pokemondb.net/sprites/home/normal/2x/litleo.jpg,Litleo,Fire,Normal
667,668,https://img.pokemondb.net/sprites/home/normal/2x/pyroar.jpg,Pyroar,Fire,Normal
668,669,https://img.pokemondb.net/sprites/home/normal/2x/flabebe.jpg,Flabébé,Fairy,
669,670,https://img.pokemondb.net/sprites/home/normal/2x/floette.jpg,Floette,Fairy,
670,671,https://img.pokemondb.net/sprites/home/normal/2x/florges.jpg,Florges,Fairy,
671,672,https://img.pokemondb.net/sprites/home/normal/2x/skiddo.jpg,Skiddo,Grass,
672,673,https://img.pokemondb.net/sprites/home/normal/2x/gogoat.jpg,Gogoat,Grass,
673,674,https://img.pokemondb.net/sprites/home/normal/2x/pancham.jpg,Pancham,Fighting,
674,675,https://img.pokemondb.net/sprites/home/normal/2x/pangoro.jpg,Pangoro,Fighting,Dark
675,676,https://img.pokemondb.net/sprites/home/normal/2x/furfrou.jpg,Furfrou,Normal,
676,677,https://img.pokemondb.net/sprites/home/normal/2x/espurr.jpg,Espurr,Psychic,
677,678,https://img.pokemondb.net/sprites/home/normal/2x/meowstic.jpg,Meowstic,Psychic,
678,679,https://img.pokemondb.net/sprites/home/normal/2x/honedge.jpg,Honedge,Steel,Ghost
679,680,https://img.pokemondb.net/sprites/home/normal/2x/doublade.jpg,Doublade,Steel,Ghost
680,681,https://img.pokemondb.net/sprites/home/normal/2x/aegislash.jpg,Aegislash,Steel,Ghost
681,682,https://img.pokemondb.net/sprites/home/normal/2x/spritzee.jpg,Spritzee,Fairy,
682,683,https://img.pokemondb.net/sprites/home/normal/2x/aromatisse.jpg,Aromatisse,Fairy,
683,684,https://img.pokemondb.net/sprites/home/normal/2x/swirlix.jpg,Swirlix,Fairy,
684,685,https://img.pokemondb.net/sprites/home/normal/2x/slurpuff.jpg,Slurpuff,Fairy,
685,686,https://img.pokemondb.net/sprites/home/normal/2x/inkay.jpg,Inkay,Dark,Psychic
686,687,https://img.pokemondb.net/sprites/home/normal/2x/malamar.jpg,Malamar,Dark,Psychic
687,688,https://img.pokemondb.net/sprites/home/normal/2x/binacle.jpg,Binacle,Rock,Water
688,689,https://img.pokemondb.net/sprites/home/normal/2x/barbaracle.jpg,Barbaracle,Rock,Water
689,690,https://img.pokemondb.net/sprites/home/normal/2x/skrelp.jpg,Skrelp,Poison,Water
690,691,https://img.pokemondb.net/sprites/home/normal/2x/dragalge.jpg,Dragalge,Poison,Dragon
691,692,https://img.pokemondb.net/sprites/home/normal/2x/clauncher.jpg,Clauncher,Water,
692,693,https://img.pokemondb.net/sprites/home/normal/2x/clawitzer.jpg,Clawitzer,Water,
693,694,https://img.pokemondb.net/sprites/home/normal/2x/helioptile.jpg,Helioptile,Electric,Normal
694,695,https://img.pokemondb.net/sprites/home/normal/2x/heliolisk.jpg,Heliolisk,Electric,Normal
695,696,https://img.pokemondb.net/sprites/home/normal/2x/tyrunt.jpg,Tyrunt,Rock,Dragon
696,697,https://img.pokemondb.net/sprites/home/normal/2x/tyrantrum.jpg,Tyrantrum,Rock,Dragon
697,698,https://img.pokemondb.net/sprites/home/normal/2x/amaura.jpg,Amaura,Rock,Ice
698,699,https://img.pokemondb.net/sprites/home/normal/2x/aurorus.jpg,Aurorus,Rock,Ice
699,700,https://img.pokemondb.net/sprites/home/normal/2x/sylveon.jpg,Sylveon,Fairy,
700,701,https://img.pokemondb.net/sprites/home/normal/2x/hawlucha.jpg,Hawlucha,Fighting,Flying
701,702,https://img.pokemondb.net/sprites/home/normal/2x/dedenne.jpg,Dedenne,Electric,Fairy
702,703,https://img.pokemondb.net/sprites/home/normal/2x/carbink.jpg,Carbink,Rock,Fairy
703,704,https://img.pokemondb.net/sprites/home/normal/2x/goomy.jpg,Goomy,Dragon,
704,705,https://img.pokemondb.net/sprites/home/normal/2x/sliggoo.jpg,Sliggoo,Dragon,
705,706,https://img.pokemondb.net/sprites/home/normal/2x/goodra.jpg,Goodra,Dragon,
706,707,https://img.pokemondb.net/sprites/home/normal/2x/klefki.jpg,Klefki,Steel,Fairy
707,708,https://img.pokemondb.net/sprites/home/normal/2x/phantump.jpg,Phantump,Ghost,Grass
708,709,https://img.pokemondb.net/sprites/home/normal/2x/trevenant.jpg,Trevenant,Ghost,Grass
709,710,https://img.pokemondb.net/sprites/home/normal/2x/pumpkaboo.jpg,Pumpkaboo,Ghost,Grass
710,711,https://img.pokemondb.net/sprites/home/normal/2x/gourgeist.jpg,Gourgeist,Ghost,Grass
711,712,https://img.pokemondb.net/sprites/home/normal/2x/bergmite.jpg,Bergmite,Ice,
712,713,https://img.pokemondb.net/sprites/home/normal/2x/avalugg.jpg,Avalugg,Ice,
713,714,https://img.pokemondb.net/sprites/home/normal/2x/noibat.jpg,Noibat,Flying,Dragon
714,715,https://img.pokemondb.net/sprites/home/normal/2x/noivern.jpg,Noivern,Flying,Dragon
715,716,https://img.pokemondb.net/sprites/home/normal/2x/xerneas.jpg,Xerneas,Fairy,
716,717,https://img.pokemondb.net/sprites/home/normal/2x/yveltal.jpg,Yveltal,Dark,Flying
717,718,https://img.pokemondb.net/sprites/home/normal/2x/zygarde.jpg,Zygarde,Dragon,Ground
718,719,https://img.pokemondb.net/sprites/home/normal/2x/diancie.jpg,Diancie,Rock,Fairy
719,720,https://img.pokemondb.net/sprites/home/normal/2x/hoopa.jpg,Hoopa,Psychic,Ghost
720,721,https://img.pokemondb.net/sprites/home/normal/2x/volcanion.jpg,Volcanion,Fire,Water
721,722,https://img.pokemondb.net/sprites/home/normal/2x/rowlet.jpg,Rowlet,Grass,Flying
722,723,https://img.pokemondb.net/sprites/home/normal/2x/dartrix.jpg,Dartrix,Grass,Flying
723,724,https://img.pokemondb.net/sprites/home/normal/2x/decidueye.jpg,Decidueye,Grass,Ghost
724,725,https://img.pokemondb.net/sprites/home/normal/2x/litten.jpg,Litten,Fire,
725,726,https://img.pokemondb.net/sprites/home/normal/2x/torracat.jpg,Torracat,Fire,
726,727,https://img.pokemondb.net/sprites/home/normal/2x/incineroar.jpg,Incineroar,Fire,Dark
727,728,https://img.pokemondb.net/sprites/home/normal/2x/popplio.jpg,Popplio,Water,
728,729,https://img.pokemondb.net/sprites/home/normal/2x/brionne.jpg,Brionne,Water,
729,730,https://img.pokemondb.net/sprites/home/normal/2x/primarina.jpg,Primarina,Water,Fairy
730,731,https://img.pokemondb.net/sprites/home/normal/2x/pikipek.jpg,Pikipek,Normal,Flying
731,732,https://img.pokemondb.net/sprites/home/normal/2x/trumbeak.jpg,Trumbeak,Normal,Flying
732,733,https://img.pokemondb.net/sprites/home/normal/2x/toucannon.jpg,Toucannon,Normal,Flying
733,734,https://img.pokemondb.net/sprites/home/normal/2x/yungoos.jpg,Yungoos,Normal,
734,735,https://img.pokemondb.net/sprites/home/normal/2x/gumshoos.jpg,Gumshoos,Normal,
735,736,https://img.pokemondb.net/sprites/home/normal/2x/grubbin.jpg,Grubbin,Bug,
736,737,https://img.pokemondb.net/sprites/home/normal/2x/charjabug.jpg,Charjabug,Bug,Electric
737,738,https://img.pokemondb.net/sprites/home/normal/2x/vikavolt.jpg,Vikavolt,Bug,Electric
738,739,https://img.pokemondb.net/sprites/home/normal/2x/crabrawler.jpg,Crabrawler,Fighting,
739,740,https://img.pokemondb.net/sprites/home/normal/2x/crabominable.jpg,Crabominable,Fighting,Ice
740,741,https://img.pokemondb.net/sprites/home/normal/2x/oricorio.jpg,Oricorio,Fire,Flying
741,742,https://img.pokemondb.net/sprites/home/normal/2x/cutiefly.jpg,Cutiefly,Bug,Fairy
742,743,https://img.pokemondb.net/sprites/home/normal/2x/ribombee.jpg,Ribombee,Bug,Fairy
743,744,https://img.pokemondb.net/sprites/home/normal/2x/rockruff.jpg,Rockruff,Rock,
744,745,https://img.pokemondb.net/sprites/home/normal/2x/lycanroc.jpg,Lycanroc,Rock,
745,746,https://img.pokemondb.net/sprites/home/normal/2x/wishiwashi.jpg,Wishiwashi,Water,
746,747,https://img.pokemondb.net/sprites/home/normal/2x/mareanie.jpg,Mareanie,Poison,Water
747,748,https://img.pokemondb.net/sprites/home/normal/2x/toxapex.jpg,Toxapex,Poison,Water
748,749,https://img.pokemondb.net/sprites/home/normal/2x/mudbray.jpg,Mudbray,Ground,
749,750,https://img.pokemondb.net/sprites/home/normal/2x/mudsdale.jpg,Mudsdale,Ground,
750,751,https://img.pokemondb.net/sprites/home/normal/2x/dewpider.jpg,Dewpider,Water,Bug
751,752,https://img.pokemondb.net/sprites/home/normal/2x/araquanid.jpg,Araquanid,Water,Bug
752,753,https://img.pokemondb.net/sprites/home/normal/2x/fomantis.jpg,Fomantis,Grass,
753,754,https://img.pokemondb.net/sprites/home/normal/2x/lurantis.jpg,Lurantis,Grass,
754,755,https://img.pokemondb.net/sprites/home/normal/2x/morelull.jpg,Morelull,Grass,Fairy
755,756,https://img.pokemondb.net/sprites/home/normal/2x/shiinotic.jpg,Shiinotic,Grass,Fairy
756,757,https://img.pokemondb.net/sprites/home/normal/2x/salandit.jpg,Salandit,Poison,Fire
757,758,https://img.pokemondb.net/sprites/home/normal/2x/salazzle.jpg,Salazzle,Poison,Fire
758,759,https://img.pokemondb.net/sprites/home/normal/2x/stufful.jpg,Stufful,Normal,Fighting
759,760,https://img.pokemondb.net/sprites/home/normal/2x/bewear.jpg,Bewear,Normal,Fighting
760,761,https://img.pokemondb.net/sprites/home/normal/2x/bounsweet.jpg,Bounsweet,Grass,
761,762,https://img.pokemondb.net/sprites/home/normal/2x/steenee.jpg,Steenee,Grass,
762,763,https://img.pokemondb.net/sprites/home/normal/2x/tsareena.jpg,Tsareena,Grass,
763,764,https://img.pokemondb.net/sprites/home/normal/2x/comfey.jpg,Comfey,Fairy,
764,765,https://img.pokemondb.net/sprites/home/normal/2x/oranguru.jpg,Oranguru,Normal,Psychic
765,766,https://img.pokemondb.net/sprites/home/normal/2x/passimian.jpg,Passimian,Fighting,
766,767,https://img.pokemondb.net/sprites/home/normal/2x/wimpod.jpg,Wimpod,Bug,Water
767,768,https://img.pokemondb.net/sprites/home/normal/2x/golisopod.jpg,Golisopod,Bug,Water
768,769,https://img.pokemondb.net/sprites/home/normal/2x/sandygast.jpg,Sandygast,Ghost,Ground
769,770,https://img.pokemondb.net/sprites/home/normal/2x/palossand.jpg,Palossand,Ghost,Ground
770,771,https://img.pokemondb.net/sprites/home/normal/2x/pyukumuku.jpg,Pyukumuku,Water,
771,772,https://img.pokemondb.net/sprites/home/normal/2x/type-null.jpg,Type: Null,Normal,
772,773,https://img.pokemondb.net/sprites/home/normal/2x/silvally.jpg,Silvally,Normal,
773,774,https://img.pokemondb.net/sprites/home/normal/2x/minior.jpg,Minior,Rock,Flying
774,775,https://img.pokemondb.net/sprites/home/normal/2x/komala.jpg,Komala,Normal,
775,776,https://img.pokemondb.net/sprites/home/normal/2x/turtonator.jpg,Turtonator,Fire,Dragon
776,777,https://img.pokemondb.net/sprites/home/normal/2x/togedemaru.jpg,Togedemaru,Electric,Steel
777,778,https://img.pokemondb.net/sprites/home/normal/2x/mimikyu.jpg,Mimikyu,Ghost,Fairy
778,779,https://img.pokemondb.net/sprites/home/normal/2x/bruxish.jpg,Bruxish,Water,Psychic
779,780,https://img.pokemondb.net/sprites/home/normal/2x/drampa.jpg,Drampa,Normal,Dragon
780,781,https://img.pokemondb.net/sprites/home/normal/2x/dhelmise.jpg,Dhelmise,Ghost,Grass
781,782,https://img.pokemondb.net/sprites/home/normal/2x/jangmo-o.jpg,Jangmo-o,Dragon,
782,783,https://img.pokemondb.net/sprites/home/normal/2x/hakamo-o.jpg,Hakamo-o,Dragon,Fighting
783,784,https://img.pokemondb.net/sprites/home/normal/2x/kommo-o.jpg,Kommo-o,Dragon,Fighting
784,785,https://img.pokemondb.net/sprites/home/normal/2x/tapu-koko.jpg,Tapu Koko,Electric,Fairy
785,786,https://img.pokemondb.net/sprites/home/normal/2x/tapu-lele.jpg,Tapu Lele,Psychic,Fairy
786,787,https://img.pokemondb.net/sprites/home/normal/2x/tapu-bulu.jpg,Tapu Bulu,Grass,Fairy
787,788,https://img.pokemondb.net/sprites/home/normal/2x/tapu-fini.jpg,Tapu Fini,Water,Fairy
788,789,https://img.pokemondb.net/sprites/home/normal/2x/cosmog.jpg,Cosmog,Psychic,
789,790,https://img.pokemondb.net/sprites/home/normal/2x/cosmoem.jpg,Cosmoem,Psychic,
790,791,https://img.pokemondb.net/sprites/home/normal/2x/solgaleo.jpg,Solgaleo,Psychic,Steel
791,792,https://img.pokemondb.net/sprites/home/normal/2x/lunala.jpg,Lunala,Psychic,Ghost
792,793,https://img.pokemondb.net/sprites/home/normal/2x/nihilego.jpg,Nihilego,Rock,Poison
793,794,https://img.pokemondb.net/sprites/home/normal/2x/buzzwole.jpg,Buzzwole,Bug,Fighting
794,795,https://img.pokemondb.net/sprites/home/normal/2x/pheromosa.jpg,Pheromosa,Bug,Fighting
795,796,https://img.pokemondb.net/sprites/home/normal/2x/xurkitree.jpg,Xurkitree,Electric,
796,797,https://img.pokemondb.net/sprites/home/normal/2x/celesteela.jpg,Celesteela,Steel,Flying
797,798,https://img.pokemondb.net/sprites/home/normal/2x/kartana.jpg,Kartana,Grass,Steel
798,799,https://img.pokemondb.net/sprites/home/normal/2x/guzzlord.jpg,Guzzlord,Dark,Dragon
799,800,https://img.pokemondb.net/sprites/home/normal/2x/necrozma.jpg,Necrozma,Psychic,
800,801,https://img.pokemondb.net/sprites/home/normal/2x/magearna.jpg,Magearna,Steel,Fairy
801,802,https://img.pokemondb.net/sprites/home/normal/2x/marshadow.jpg,Marshadow,Fighting,Ghost
802,803,https://img.pokemondb.net/sprites/home/normal/2x/poipole.jpg,Poipole,Poison,
803,804,https://img.pokemondb.net/sprites/home/normal/2x/naganadel.jpg,Naganadel,Poison,Dragon
804,805,https://img.pokemondb.net/sprites/home/normal/2x/stakataka.jpg,Stakataka,Rock,Steel
805,806,https://img.pokemondb.net/sprites/home/normal/2x/blacephalon.jpg,Blacephalon,Fire,Ghost
806,807,https://img.pokemondb.net/sprites/home/normal/2x/zeraora.jpg,Zeraora,Electric,
807,808,https://img.pokemondb.net/sprites/home/normal/2x/meltan.jpg,Meltan,Steel,
808,809,https://img.pokemondb.net/sprites/home/normal/2x/melmetal.jpg,Melmetal,Steel,
809,810,https://img.pokemondb.net/sprites/home/normal/2x/grookey.jpg,Grookey,Grass,
810,811,https://img.pokemondb.net/sprites/home/normal/2x/thwackey.jpg,Thwackey,Grass,
811,812,https://img.pokemondb.net/sprites/home/normal/2x/rillaboom.jpg,Rillaboom,Grass,
812,813,https://img.pokemondb.net/sprites/home/normal/2x/scorbunny.jpg,Scorbunny,Fire,
813,814,https://img.pokemondb.net/sprites/home/normal/2x/raboot.jpg,Raboot,Fire,
814,815,https://img.pokemondb.net/sprites/home/normal/2x/cinderace.jpg,Cinderace,Fire,
815,816,https://img.pokemondb.net/sprites/home/normal/2x/sobble.jpg,Sobble,Water,
816,817,https://img.pokemondb.net/sprites/home/normal/2x/drizzile.jpg,Drizzile,Water,
817,818,https://img.pokemondb.net/sprites/home/normal/2x/inteleon.jpg,Inteleon,Water,
818,819,https://img.pokemondb.net/sprites/home/normal/2x/skwovet.jpg,Skwovet,Normal,
819,820,https://img.pokemondb.net/sprites/home/normal/2x/greedent.jpg,Greedent,Normal,
820,821,https://img.pokemondb.net/sprites/home/normal/2x/rookidee.jpg,Rookidee,Flying,
821,822,https://img.pokemondb.net/sprites/home/normal/2x/corvisquire.jpg,Corvisquire,Flying,
822,823,https://img.pokemondb.net/sprites/home/normal/2x/corviknight.jpg,Corviknight,Flying,Steel
823,824,https://img.pokemondb.net/sprites/home/normal/2x/blipbug.jpg,Blipbug,Bug,
824,825,https://img.pokemondb.net/sprites/home/normal/2x/dottler.jpg,Dottler,Bug,Psychic
825,826,https://img.pokemondb.net/sprites/home/normal/2x/orbeetle.jpg,Orbeetle,Bug,Psychic
826,827,https://img.pokemondb.net/sprites/home/normal/2x/nickit.jpg,Nickit,Dark,
827,828,https://img.pokemondb.net/sprites/home/normal/2x/thievul.jpg,Thievul,Dark,
828,829,https://img.pokemondb.net/sprites/home/normal/2x/gossifleur.jpg,Gossifleur,Grass,
829,830,https://img.pokemondb.net/sprites/home/normal/2x/eldegoss.jpg,Eldegoss,Grass,
830,831,https://img.pokemondb.net/sprites/home/normal/2x/wooloo.jpg,Wooloo,Normal,
831,832,https://img.pokemondb.net/sprites/home/normal/2x/dubwool.jpg,Dubwool,Normal,
832,833,https://img.pokemondb.net/sprites/home/normal/2x/chewtle.jpg,Chewtle,Water,
833,834,https://img.pokemondb.net/sprites/home/normal/2x/drednaw.jpg,Drednaw,Water,Rock
834,835,https://img.pokemondb.net/sprites/home/normal/2x/yamper.jpg,Yamper,Electric,
835,836,https://img.pokemondb.net/sprites/home/normal/2x/boltund.jpg,Boltund,Electric,
836,837,https://img.pokemondb.net/sprites/home/normal/2x/rolycoly.jpg,Rolycoly,Rock,
837,838,https://img.pokemondb.net/sprites/home/normal/2x/carkol.jpg,Carkol,Rock,Fire
838,839,https://img.pokemondb.net/sprites/home/normal/2x/coalossal.jpg,Coalossal,Rock,Fire
839,840,https://img.pokemondb.net/sprites/home/normal/2x/applin.jpg,Applin,Grass,Dragon
840,841,https://img.pokemondb.net/sprites/home/normal/2x/flapple.jpg,Flapple,Grass,Dragon
841,842,https://img.pokemondb.net/sprites/home/normal/2x/appletun.jpg,Appletun,Grass,Dragon
842,843,https://img.pokemondb.net/sprites/home/normal/2x/silicobra.jpg,Silicobra,Ground,
843,844,https://img.pokemondb.net/sprites/home/normal/2x/sandaconda.jpg,Sandaconda,Ground,
844,845,https://img.pokemondb.net/sprites/home/normal/2x/cramorant.jpg,Cramorant,Flying,Water
845,846,https://img.pokemondb.net/sprites/home/normal/2x/arrokuda.jpg,Arrokuda,Water,
846,847,https://img.pokemondb.net/sprites/home/normal/2x/barraskewda.jpg,Barraskewda,Water,
847,848,https://img.pokemondb.net/sprites/home/normal/2x/toxel.jpg,Toxel,Electric,Poison
848,849,https://img.pokemondb.net/sprites/home/normal/2x/toxtricity.jpg,Toxtricity,Electric,Poison
849,850,https://img.pokemondb.net/sprites/home/normal/2x/sizzlipede.jpg,Sizzlipede,Fire,Bug
850,851,https://img.pokemondb.net/sprites/home/normal/2x/centiskorch.jpg,Centiskorch,Fire,Bug
851,852,https://img.pokemondb.net/sprites/home/normal/2x/clobbopus.jpg,Clobbopus,Fighting,
852,853,https://img.pokemondb.net/sprites/home/normal/2x/grapploct.jpg,Grapploct,Fighting,
853,854,https://img.pokemondb.net/sprites/home/normal/2x/sinistea.jpg,Sinistea,Ghost,
854,855,https://img.pokemondb.net/sprites/home/normal/2x/polteageist.jpg,Polteageist,Ghost,
855,856,https://img.pokemondb.net/sprites/home/normal/2x/hatenna.jpg,Hatenna,Psychic,
856,857,https://img.pokemondb.net/sprites/home/normal/2x/hattrem.jpg,Hattrem,Psychic,
857,858,https://img.pokemondb.net/sprites/home/normal/2x/hatterene.jpg,Hatterene,Psychic,Fairy
858,859,https://img.pokemondb.net/sprites/home/normal/2x/impidimp.jpg,Impidimp,Dark,Fairy
859,860,https://img.pokemondb.net/sprites/home/normal/2x/morgrem.jpg,Morgrem,Dark,Fairy
860,861,https://img.pokemondb.net/sprites/home/normal/2x/grimmsnarl.jpg,Grimmsnarl,Dark,Fairy
861,862,https://img.pokemondb.net/sprites/home/normal/2x/obstagoon.jpg,Obstagoon,Dark,Normal
862,863,https://img.pokemondb.net/sprites/home/normal/2x/perrserker.jpg,Perrserker,Steel,
863,864,https://img.pokemondb.net/sprites/home/normal/2x/cursola.jpg,Cursola,Ghost,
864,865,https://img.pokemondb.net/sprites/home/normal/2x/sirfetchd.jpg,Sirfetch'd,Fighting,
865,866,https://img.pokemondb.net/sprites/home/normal/2x/mr-rime.jpg,Mr. Rime,Ice,Psychic
866,867,https://img.pokemondb.net/sprites/home/normal/2x/runerigus.jpg,Runerigus,Ground,Ghost
867,868,https://img.pokemondb.net/sprites/home/normal/2x/milcery.jpg,Milcery,Fairy,
868,869,https://img.pokemondb.net/sprites/home/normal/2x/alcremie.jpg,Alcremie,Fairy,
869,870,https://img.pokemondb.net/sprites/home/normal/2x/falinks.jpg,Falinks,Fighting,
870,871,https://img.pokemondb.net/sprites/home/normal/2x/pincurchin.jpg,Pincurchin,Electric,
871,872,https://img.pokemondb.net/sprites/home/normal/2x/snom.jpg,Snom,Ice,Bug
872,873,https://img.pokemondb.net/sprites/home/normal/2x/frosmoth.jpg,Frosmoth,Ice,Bug
873,874,https://img.pokemondb.net/sprites/home/normal/2x/stonjourner.jpg,Stonjourner,Rock,
874,875,https://img.pokemondb.net/sprites/home/normal/2x/eiscue.jpg,Eiscue,Ice,
875,876,https://img.pokemondb.net/sprites/home/normal/2x/indeedee.jpg,Indeedee,Psychic,Normal
876,877,https://img.pokemondb.net/sprites/home/normal/2x/morpeko.jpg,Morpeko,Electric,Dark
877,878,https://img.pokemondb.net/sprites/home/normal/2x/cufant.jpg,Cufant,Steel,
878,879,https://img.pokemondb.net/sprites/home/normal/2x/copperajah.jpg,Copperajah,Steel,
879,880,https://img.pokemondb.net/sprites/home/normal/2x/dracozolt.jpg,Dracozolt,Electric,Dragon
880,881,https://img.pokemondb.net/sprites/home/normal/2x/arctozolt.jpg,Arctozolt,Electric,Ice
881,882,https://img.pokemondb.net/sprites/home/normal/2x/dracovish.jpg,Dracovish,Water,Dragon
882,883,https://img.pokemondb.net/sprites/home/normal/2x/arctovish.jpg,Arctovish,Water,Ice
883,884,https://img.pokemondb.net/sprites/home/normal/2x/duraludon.jpg,Duraludon,Steel,Dragon
884,885,https://img.pokemondb.net/sprites/home/normal/2x/dreepy.jpg,Dreepy,Dragon,Ghost
885,886,https://img.pokemondb.net/sprites/home/normal/2x/drakloak.jpg,Drakloak,Dragon,Ghost
886,887,https://img.pokemondb.net/sprites/home/normal/2x/dragapult.jpg,Dragapult,Dragon,Ghost
887,888,https://img.pokemondb.net/sprites/home/normal/2x/zacian.jpg,Zacian,Fairy,
888,889,https://img.pokemondb.net/sprites/home/normal/2x/zamazenta.jpg,Zamazenta,Fighting,
889,890,https://img.pokemondb.net/sprites/home/normal/2x/eternatus.jpg,Eternatus,Poison,Dragon
890,891,https://img.pokemondb.net/sprites/home/normal/2x/kubfu.jpg,Kubfu,Fighting,
891,892,https://img.pokemondb.net/sprites/home/normal/2x/urshifu.jpg,Urshifu,Fighting,Dark
892,893,https://img.pokemondb.net/sprites/home/normal/2x/zarude.jpg,Zarude,Dark,Grass
893,894,https://img.pokemondb.net/sprites/home/normal/2x/regieleki.jpg,Regieleki,Electric,
894,895,https://img.pokemondb.net/sprites/home/normal/2x/regidrago.jpg,Regidrago,Dragon,
895,896,https://img.pokemondb.net/sprites/home/normal/2x/glastrier.jpg,Glastrier,Ice,
896,897,https://img.pokemondb.net/sprites/home/normal/2x/spectrier.jpg,Spectrier,Ghost,
897,898,https://img.pokemondb.net/sprites/home/normal/2x/calyrex.jpg,Calyrex,Psychic,Grass
898,899,https://img.pokemondb.net/sprites/home/normal/2x/wyrdeer.jpg,Wyrdeer,Normal,Psychic
899,900,https://img.pokemondb.net/sprites/home/normal/2x/kleavor.jpg,Kleavor,Bug,Rock
900,901,https://img.pokemondb.net/sprites/home/normal/2x/ursaluna.jpg,Ursaluna,Ground,Normal
901,902,https://img.pokemondb.net/sprites/home/normal/2x/basculegion.jpg,Basculegion,Water,Ghost
902,903,https://img.pokemondb.net/sprites/home/normal/2x/sneasler.jpg,Sneasler,Fighting,Poison
903,904,https://img.pokemondb.net/sprites/home/normal/2x/overqwil.jpg,Overqwil,Dark,Poison
904,905,https://img.pokemondb.net/sprites/home/normal/2x/enamorus.jpg,Enamorus,Fairy,Flying
905,906,https://img.pokemondb.net/sprites/scarlet-violet/normal/sprigatito.png,Sprigatito,Grass,
906,907,https://img.pokemondb.net/sprites/scarlet-violet/normal/floragato.png,Floragato,Grass,
907,908,https://img.pokemondb.net/sprites/scarlet-violet/normal/meowscarada.png,Meowscarada,Grass,Dark
908,909,https://img.pokemondb.net/sprites/scarlet-violet/normal/fuecoco.png,Fuecoco,Fire,
909,910,https://img.pokemondb.net/sprites/scarlet-violet/normal/crocalor.png,Crocalor,Fire,
910,911,https://img.pokemondb.net/sprites/scarlet-violet/normal/skeledirge.png,Skeledirge,Fire,Ghost
911,912,https://img.pokemondb.net/sprites/scarlet-violet/normal/quaxly.png,Quaxly,Water,
912,913,https://img.pokemondb.net/sprites/scarlet-violet/normal/quaxwell.png,Quaxwell,Water,
913,914,https://img.pokemondb.net/sprites/scarlet-violet/normal/quaquaval.png,Quaquaval,Water,Fighting
914,915,https://img.pokemondb.net/sprites/scarlet-violet/normal/lechonk.png,Lechonk,Normal,
915,916,https://img.pokemondb.net/sprites/scarlet-violet/normal/oinkologne.png,Oinkologne,Normal,
916,917,https://img.pokemondb.net/sprites/scarlet-violet/normal/tarountula.png,Tarountula,Bug,
917,918,https://img.pokemondb.net/sprites/scarlet-violet/normal/spidops.png,Spidops,Bug,
918,919,https://img.pokemondb.net/sprites/scarlet-violet/normal/nymble.png,Nymble,Bug,
919,920,https://img.pokemondb.net/sprites/scarlet-violet/normal/lokix.png,Lokix,Bug,Dark
920,921,https://img.pokemondb.net/sprites/scarlet-violet/normal/pawmi.png,Pawmi,Electric,
921,922,https://img.pokemondb.net/sprites/scarlet-violet/normal/pawmo.png,Pawmo,Electric,Fighting
922,923,https://img.pokemondb.net/sprites/scarlet-violet/normal/pawmot.png,Pawmot,Electric,Fighting
923,924,https://img.pokemondb.net/sprites/scarlet-violet/normal/tandemaus.png,Tandemaus,Normal,
924,925,https://img.pokemondb.net/sprites/scarlet-violet/normal/maushold.png,Maushold,Normal,
925,926,https://img.pokemondb.net/sprites/scarlet-violet/normal/fidough.png,Fidough,Fairy,
926,927,https://img.pokemondb.net/sprites/scarlet-violet/normal/dachsbun.png,Dachsbun,Fairy,
927,928,https://img.pokemondb.net/sprites/scarlet-violet/normal/smoliv.png,Smoliv,Grass,Normal
928,929,https://img.pokemondb.net/sprites/scarlet-violet/normal/dolliv.png,Dolliv,Grass,Normal
929,930,https://img.pokemondb.net/sprites/scarlet-violet/normal/arboliva.png,Arboliva,Grass,Normal
930,931,https://img.pokemondb.net/sprites/scarlet-violet/normal/squawkabilly.png,Squawkabilly,Normal,Flying
931,932,https://img.pokemondb.net/sprites/scarlet-violet/normal/nacli.png,Nacli,Rock,
932,933,https://img.pokemondb.net/sprites/scarlet-violet/normal/naclstack.png,Naclstack,Rock,
933,934,https://img.pokemondb.net/sprites/scarlet-violet/normal/garganacl.png,Garganacl,Rock,
934,935,https://img.pokemondb.net/sprites/scarlet-violet/normal/charcadet.png,Charcadet,Fire,
935,936,https://img.pokemondb.net/sprites/scarlet-violet/normal/armarouge.png,Armarouge,Fire,Psychic
936,937,https://img.pokemondb.net/sprites/scarlet-violet/normal/ceruledge.png,Ceruledge,Fire,Ghost
937,938,https://img.pokemondb.net/sprites/scarlet-violet/normal/tadbulb.png,Tadbulb,Electric,
938,939,https://img.pokemondb.net/sprites/scarlet-violet/normal/bellibolt.png,Bellibolt,Electric,
939,940,https://img.pokemondb.net/sprites/scarlet-violet/normal/wattrel.png,Wattrel,Electric,Flying
940,941,https://img.pokemondb.net/sprites/scarlet-violet/normal/kilowattrel.png,Kilowattrel,Electric,Flying
941,942,https://img.pokemondb.net/sprites/scarlet-violet/normal/maschiff.png,Maschiff,Dark,
942,943,https://img.pokemondb.net/sprites/scarlet-violet/normal/mabosstiff.png,Mabosstiff,Dark,
943,944,https://img.pokemondb.net/sprites/scarlet-violet/normal/shroodle.png,Shroodle,Poison,Normal
944,945,https://img.pokemondb.net/sprites/scarlet-violet/normal/grafaiai.png,Grafaiai,Poison,Normal
945,946,https://img.pokemondb.net/sprites/scarlet-violet/normal/bramblin.png,Bramblin,Grass,Ghost
946,947,https://img.pokemondb.net/sprites/scarlet-violet/normal/brambleghast.png,Brambleghast,Grass,Ghost
947,948,https://img.pokemondb.net/sprites/scarlet-violet/normal/toedscool.png,Toedscool,Ground,Grass
948,949,https://img.pokemondb.net/sprites/scarlet-violet/normal/toedscruel.png,Toedscruel,Ground,Grass
949,950,https://img.pokemondb.net/sprites/scarlet-violet/normal/klawf.png,Klawf,Rock,
950,951,https://img.pokemondb.net/sprites/scarlet-violet/normal/capsakid.png,Capsakid,Grass,
951,952,https://img.pokemondb.net/sprites/scarlet-violet/normal/scovillain.png,Scovillain,Grass,Fire
952,953,https://img.pokemondb.net/sprites/scarlet-violet/normal/rellor.png,Rellor,Bug,
953,954,https://img.pokemondb.net/sprites/scarlet-violet/normal/rabsca.png,Rabsca,Bug,Psychic
954,955,https://img.pokemondb.net/sprites/scarlet-violet/normal/flittle.png,Flittle,Psychic,
955,956,https://img.pokemondb.net/sprites/scarlet-violet/normal/espathra.png,Espathra,Psychic,
956,957,https://img.pokemondb.net/sprites/scarlet-violet/normal/tinkatink.png,Tinkatink,Fairy,Steel
957,958,https://img.pokemondb.net/sprites/scarlet-violet/normal/tinkatuff.png,Tinkatuff,Fairy,Steel
958,959,https://img.pokemondb.net/sprites/scarlet-violet/normal/tinkaton.png,Tinkaton,Fairy,Steel
959,960,https://img.pokemondb.net/sprites/scarlet-violet/normal/wiglett.png,Wiglett,Water,
960,961,https://img.pokemondb.net/sprites/scarlet-violet/normal/wugtrio.png,Wugtrio,Water,
961,962,https://img.pokemondb.net/sprites/scarlet-violet/normal/bombirdier.png,Bombirdier,Flying,Dark
962,963,https://img.pokemondb.net/sprites/scarlet-violet/normal/finizen.png,Finizen,Water,
963,964,https://img.pokemondb.net/sprites/scarlet-violet/normal/palafin.png,Palafin,Water,
964,965,https://img.pokemondb.net/sprites/scarlet-violet/normal/varoom.png,Varoom,Steel,Poison
965,966,https://img.pokemondb.net/sprites/scarlet-violet/normal/revavroom.png,Revavroom,Steel,Poison
966,967,https://img.pokemondb.net/sprites/scarlet-violet/normal/cyclizar.png,Cyclizar,Dragon,Normal
967,968,https://img.pokemondb.net/sprites/scarlet-violet/normal/orthworm.png,Orthworm,Steel,
968,969,https://img.pokemondb.net/sprites/scarlet-violet/normal/glimmet.png,Glimmet,Rock,Poison
969,970,https://img.pokemondb.net/sprites/scarlet-violet/normal/glimmora.png,Glimmora,Rock,Poison
970,971,https://img.pokemondb.net/sprites/scarlet-violet/normal/greavard.png,Greavard,Ghost,
971,972,https://img.pokemondb.net/sprites/scarlet-violet/normal/houndstone.png,Houndstone,Ghost,
972,973,https://img.pokemondb.net/sprites/scarlet-violet/normal/flamigo.png,Flamigo,Flying,Fighting
973,974,https://img.pokemondb.net/sprites/scarlet-violet/normal/cetoddle.png,Cetoddle,Ice,
974,975,https://img.pokemondb.net/sprites/scarlet-violet/normal/cetitan.png,Cetitan,Ice,
975,976,https://img.pokemondb.net/sprites/scarlet-violet/normal/veluza.png,Veluza,Water,Psychic
976,977,https://img.pokemondb.net/sprites/scarlet-violet/normal/dondozo.png,Dondozo,Water,
977,978,https://img.pokemondb.net/sprites/scarlet-violet/normal/tatsugiri.png,Tatsugiri,Dragon,Water
978,979,https://img.pokemondb.net/sprites/scarlet-violet/normal/annihilape.png,Annihilape,Fighting,Ghost
979,980,https://img.pokemondb.net/sprites/scarlet-violet/normal/clodsire.png,Clodsire,Poison,Ground
980,981,https://img.pokemondb.net/sprites/scarlet-violet/normal/farigiraf.png,Farigiraf,Normal,Psychic
981,982,https://img.pokemondb.net/sprites/scarlet-violet/normal/dudunsparce.png,Dudunsparce,Normal,
982,983,https://img.pokemondb.net/sprites/scarlet-violet/normal/kingambit.png,Kingambit,Dark,Steel
983,984,https://img.pokemondb.net/sprites/scarlet-violet/normal/great-tusk.png,Great Tusk,Ground,Fighting
984,985,https://img.pokemondb.net/sprites/scarlet-violet/normal/scream-tail.png,Scream Tail,Fairy,Psychic
985,986,https://img.pokemondb.net/sprites/scarlet-violet/normal/brute-bonnet.png,Brute Bonnet,Grass,Dark
986,987,https://img.pokemondb.net/sprites/scarlet-violet/normal/flutter-mane.png,Flutter Mane,Ghost,Fairy
987,988,https://img.pokemondb.net/sprites/scarlet-violet/normal/slither-wing.png,Slither Wing,Bug,Fighting
988,989,https://img.pokemondb.net/sprites/scarlet-violet/normal/sandy-shocks.png,Sandy Shocks,Electric,Ground
989,990,https://img.pokemondb.net/sprites/scarlet-violet/normal/iron-treads.png,Iron Treads,Ground,Steel
990,991,https://img.pokemondb.net/sprites/scarlet-violet/normal/iron-bundle.png,Iron Bundle,Ice,Water
991,992,https://img.pokemondb.net/sprites/scarlet-violet/normal/iron-hands.png,Iron Hands,Fighting,Electric
992,993,https://img.pokemondb.net/sprites/scarlet-violet/normal/iron-jugulis.png,Iron Jugulis,Dark,Flying
993,994,https://img.pokemondb.net/sprites/scarlet-violet/normal/iron-moth.png,Iron Moth,Fire,Poison
994,995,https://img.pokemondb.net/sprites/scarlet-violet/normal/iron-thorns.png,Iron Thorns,Rock,Electric
995,996,https://img.pokemondb.net/sprites/scarlet-violet/normal/frigibax.png,Frigibax,Dragon,Ice
996,997,https://img.pokemondb.net/sprites/scarlet-violet/normal/arctibax.png,Arctibax,Dragon,Ice
997,998,https://img.pokemondb.net/sprites/scarlet-violet/normal/baxcalibur.png,Baxcalibur,Dragon,Ice
998,999,https://img.pokemondb.net/sprites/scarlet-violet/normal/gimmighoul.png,Gimmighoul,Ghost,
999,1000,https://img.pokemondb.net/sprites/scarlet-violet/normal/gholdengo.png,Gholdengo,Steel,Ghost
1000,1001,https://img.pokemondb.net/sprites/scarlet-violet/normal/wo-chien.png,Wo-Chien,Dark,Grass
1001,1002,https://img.pokemondb.net/sprites/scarlet-violet/normal/chien-pao.png,Chien-Pao,Dark,Ice
1002,1003,https://img.pokemondb.net/sprites/scarlet-violet/normal/ting-lu.png,Ting-Lu,Dark,Ground
1003,1004,https://img.pokemondb.net/sprites/scarlet-violet/normal/chi-yu.png,Chi-Yu,Dark,Fire
1004,1005,https://img.pokemondb.net/sprites/scarlet-violet/normal/roaring-moon.png,Roaring Moon,Dragon,Dark
1005,1006,https://img.pokemondb.net/sprites/scarlet-violet/normal/iron-valiant.png,Iron Valiant,Fairy,Fighting
1006,1007,https://img.pokemondb.net/sprites/scarlet-violet/normal/koraidon.png,Koraidon,Fighting,Dragon
1007,1008,https://img.pokemondb.net/sprites/scarlet-violet/normal/miraidon.png,Miraidon,Electric,Dragon
1008,1009,https://img.pokemondb.net/sprites/scarlet-violet/normal/walking-wake.png,Walking Wake,Water,Dragon
1009,1010,https://img.pokemondb.net/sprites/scarlet-violet/normal/iron-leaves.png,Iron Leaves,Grass,Psychic
